{"files": {"832OSDAD.bin": {"type": "rom", "hash": "1d8cd184286ac3ed9f11e6247b278b75", "size": 76192, "tags": [3], "url": "https://github.com/zxtres/cores/raw/1d419c97066b1cece4cfa753c565a5ba8aae3d84/minimig/832OSDAD.bin"}, "COLECO.BIO": {"type": "rom", "hash": "3a7ab6e3c623c604c549f987a6e5035b", "size": 8192, "tags": [2], "url": "https://cvaddict.com/roms/bios/ColecoVision-Fire-Skip-NTSC.bin"}, "MULTCART.ROM": {"type": "rom", "hash": "09ca9434a99e8aad9e1301f69f554abe", "size": 16384, "tags": [2], "url": "https://github.com/zxtres/cores/raw/ee1abec4455de71569820621f9824697d7b843f0/ColecoVision/MULTCART.ROM"}, "ep.rom": {"type": "rom", "hash": "6a0d1ea2710211532c3af339f55ca663", "size": 131072, "tags": [3], "url": "https://github.com/zxtres/cores/raw/1d419c97066b1cece4cfa753c565a5ba8aae3d84/ep/ep.rom"}, "PCXT.ROM": {"type": "rom", "hash": "8c9774954b59d020a0eab87f9f8cb218", "size": 65536, "tags": [3], "url": "https://github.com/MiSTer-devel/PCXT_MiSTer/raw/main/SW/ROMs/pcxt_pcxt31.rom"}, "XTIDE.ROM": {"type": "rom", "hash": "26be1c20dec0d626b574f0ef82febf62", "size": 12288, "tags": [3], "url": "https://github.com/MiSTer-devel/PCXT_MiSTer/raw/main/SW/ROMs/ide_xtl.rom"}, "zx8x.rom": {"type": "rom", "path": ["ZX81", "ROMS"], "hash": "78c3b5c7a7d0f9cc12753ddb67c0d002", "size": 12288, "tags": [3], "url": "https://raw.githubusercontent.com/avlixa/ZX81_MiSTer_zxdos/master/roms/zx8x.rom"}}, "tag_dictionary": {"arcade": 1, "console": 2, "computer": 3, "util": 4}}