{"base_url":"https://github.com/ZXMicroJack/amstrad-cpc/releases/download/r6/amstradcpc-r6.zip","base_hash":"eefc44999646bfa876ec83dac8562f14","base_size":2092727,"files":{"amstradcpczx3_a100t.bit":{"kind":"a100t","type":"bit","file":"amstrad_cpc_6128_a100t_20231127.bit","hash":"d021facb64182585ef45596925ff39d2","size":1437460,"tags":[3]},"amstradcpczx3_a100t.zx3":{"kind":"a100t","type":"zx3","file":"amstrad_cpc_6128_a100t_20231127.zx3","hash":"3a152ed444f73eceb91aaea8d704d483","size":1441792,"tags":[3]},"amstradcpczx3_a200t.bit":{"kind":"a200t","type":"bit","file":"amstrad_cpc_6128_a200t_20231127.bit","hash":"5b718b38092d401400e89e486109e015","size":2537348,"tags":[3]},"amstradcpczx3_a200t.zx3":{"kind":"a200t","type":"zx3","file":"amstrad_cpc_6128_a200t_20231127.zx3","hash":"1a84c76cf253719221947ad1dd29b0f2","size":2539520,"tags":[3]},"amstradcpczx3_a35t.bit":{"kind":"a35t","type":"bit","file":"amstrad_cpc_6128_a35t_20231127.bit","hash":"4af29274380d1c2f8dbaf27aaf13ee74","size":1178211,"tags":[3]},"amstradcpczx3_a35t.zx3":{"kind":"a35t","type":"zx3","file":"amstrad_cpc_6128_a35t_20231127.bit","hash":"5b7d32bc4945cd1373aca90c0f7c56a2","size":1179648,"tags":[3]}},"tag_dictionary":{"arcade":1,"console":2,"computer":3,"util":4}}