{"base_url":"https://github.com/ZXMicroJack/amstrad-cpc/releases/download/r5/amstradcpc-r5.zip","base_hash":"70d70803bf0cb5b37d0ed11260fbad5f","base_size":2061568,"files":{"amstradcpczx3_a100t.bit":{"kind":"a100t","type":"bit","file":"amstrad_cpc_6128_a100t_20231008.bit","hash":"f19e05dd666ae3b59ab7ee0e957361ad","size":1466388,"tags":[3]},"amstradcpczx3_a100t.zx3":{"kind":"a100t","type":"zx3","file":"amstrad_cpc_6128_a100t_20231008.zx3","hash":"272403c70de58ca51918f6ec0374e8aa","size":1474560,"tags":[3]},"amstradcpczx3_a200t.bit":{"kind":"a200t","type":"bit","file":"amstrad_cpc_6128_a200t_20231008.bit","hash":"0badb2eeaaf830baf0842cb11ef5bac4","size":2337516,"tags":[3]},"amstradcpczx3_a200t.zx3":{"kind":"a200t","type":"zx3","file":"amstrad_cpc_6128_a200t_20231008.zx3","hash":"0e55b0ef0436ffed65822cc172e339d7","size":2342912,"tags":[3]},"amstradcpczx3_a35t.bit":{"kind":"a35t","type":"bit","file":"amstrad_cpc_6128_a35t_20231008.bit","hash":"39d2e0330b543362d8224d52a4de9b19","size":1247759,"tags":[3]},"amstradcpczx3_a35t.zx3":{"kind":"a35t","type":"zx3","file":"amstrad_cpc_6128_a35t_20231008.bit","hash":"2d0f8bee0813bb3abf23f5e55a1a7896","size":1261568,"tags":[3]}},"tag_dictionary":{"arcade":1,"console":2,"computer":3,"util":4}}