{"base_url":"https://github.com/ZXMicroJack/sam-coupe/releases/download/r6/samcoupe-r6-zxtres.zip","base_hash":"d9055aa2353040580ce01765c08638a3","base_size":2100593,"files":{"samcoupezx3_a100t.bit":{"kind":"a100t","type":"bit","file":"sam_coupe_a100t_20231127.bit","hash":"9334621515fcfac31a64ed4ba05e00dd","size":1622702,"tags":[3],"url":"https://github.com/zxtres/cores/raw/a65a00e4230975d605c8dc297a10283af5ee791b/samcoupezx3_a100t.bit"},"samcoupezx3_a100t.zx3":{"kind":"a100t","type":"zx3","file":"sam_coupe_a100t_20231127.zx3","hash":"a41c737018e074b661e25a35a1e259c1","size":1638400,"tags":[3],"url":"https://github.com/zxtres/cores/raw/a65a00e4230975d605c8dc297a10283af5ee791b/samcoupezx3_a100t.zx3"},"samcoupezx3_a200t.bit":{"kind":"a200t","type":"bit","file":"sam_coupe_a200t_20231127.bit","hash":"a1335987dc7c599377cd5d6c5bda15e9","size":2155658,"tags":[3],"url":"https://github.com/zxtres/cores/raw/a65a00e4230975d605c8dc297a10283af5ee791b/samcoupezx3_a200t.bit"},"samcoupezx3_a200t.zx3":{"kind":"a200t","type":"zx3","file":"sam_coupe_a200t_20231127.zx3","hash":"765ece0aa56f9f564528228c6eb91b2f","size":2162688,"tags":[3],"url":"https://github.com/zxtres/cores/raw/a65a00e4230975d605c8dc297a10283af5ee791b/samcoupezx3_a200t.zx3"},"samcoupezx3_a35t.bit":{"kind":"a35t","type":"bit","file":"sam_coupe_a35t_20231127.bit","hash":"0cbc5c1e36ac74c2d3af5b613c1a7927","size":1124665,"tags":[3],"url":"https://github.com/zxtres/cores/raw/a65a00e4230975d605c8dc297a10283af5ee791b/samcoupezx3_a35t.bit"},"samcoupezx3_a35t.zx3":{"kind":"a35t","type":"zx3","file":"sam_coupe_a35t_20231127.bit","hash":"de593d5f13389ee00100b7a8ce49ed58","size":1179648,"tags":[3],"url":"https://github.com/zxtres/cores/raw/a65a00e4230975d605c8dc297a10283af5ee791b/samcoupezx3_a35t.zx3"}},"tag_dictionary":{"arcade":1,"console":2,"computer":3,"util":4}}