{"base_url":"https://github.com/zxtres/cores/raw/22111fb5be0867c379fdbdf007fb9bb930617c9b/_MiddleBoardFirmware/rp2mb-r12upg.zip","base_hash":"6f67485ec3de69cde9369aa9634e5c18","base_size":265734,"files":{"BIN/BPLUGINS/BIT":{"file":"BIT","path":["BIN","BPLUGINS"],"hash":"de8592253440fe2c8ed464a973b609c2","size":161},"BIN/MBINFO":{"file":"MBINFO","path":["BIN"],"hash":"0457b698b9b854cc7024080b24658357","size":1217},"BIN/MBUPD":{"file":"MBUPD","path":["BIN"],"hash":"8c61db5448021adee420fce5246912db","size":1601},"RP2MAPP.BIN":{"file":"RP2MAPP.BIN","path":[],"hash":"2442a9ed79193531885e00fa00d3a3d6","size":78144},"RP2UAPP.BIN":{"file":"RP2UAPP.BIN","path":[],"hash":"0f805e01629eb0bb9ecddfd989729596","size":61288},"mbjoycal.tap":{"file":"mbjoycal.tap","path":[],"hash":"81d4e2b3f5c091a8183732f9261e6c04","size":9433}}}