{
    "base_url": "https://github.com/zxtres/cores/raw/d3ace72ec305a0dd73b6ed75261a17f93c557480/zxnext/zxnext_top_issue4_zx3_3.2.01_20240117.zip",
    "base_hash": "5b01ad4d055abc122c30244a5d0e4c24",
    "base_size": 2011358,
    "files": {
        "zxnext_top_issue4_zx3a100t_3.2.01_20240117.bit": {
            "kind": "a100t",
            "type": "bit",
            "file": "zxnext_a100t_3.2.01_20240117.bit",
            "hash": "6b7c9ef04ef92a2af601abb4626ed814",
            "size": 1768911,
            "tags": [
                3
            ]
        },
        "zxnext_top_issue4_zx3a100t_3.2.01_20240117.zx3": {
            "kind": "a100t",
            "type": "zx3",
            "file": "zxnext_a100t_3.2.01_20240117.zx3",
            "hash": "7a82ff9d6c9b4999fb6a79ec7d1c7e45",
            "size": 1768776,
            "tags": [
                3
            ]
        },
        "zxnext_top_issue4_zx3a200t_3.2.01_20240117.bit": {
            "kind": "a200t",
            "type": "bit",
            "file": "zxnext_a200t_3.2.01_20240117.bit",
            "hash": "a7c2ee8beccce4d48bd5ae045da831e4",
            "size": 2637663,
            "tags": [
                3
            ]
        },
        "zxnext_top_issue4_zx3a200t_3.2.01_20240117.zx3": {
            "kind": "a200t",
            "type": "zx3",
            "file": "zxnext_a200t_3.2.01_20240117.zx3",
            "hash": "fc7a79294a11675dd7d6602ce5acfadb",
            "size": 2637528,
            "tags": [
                3
            ]
        },
        "zxnext_top_issue4_zx3a35t_3.2.01_20240117.bit": {
            "kind": "a35t",
            "type": "bit",
            "file": "zzxnext_a35t_3.2.01_20240117.bit",
            "hash": "3bdead4e1672a1e92691561459f58923",
            "size": 1328062,
            "tags": [
                3
            ]
        },
        "zxnext_top_issue4_zx3a35t_3.2.01_20240117.zx3": {
            "kind": "a35t",
            "type": "zx3",
            "file": "zxnext_a35t_3.2.01_20240117.zx3",
            "hash": "c9165346c315e647026caedadc5f361d",
            "size": 1327928,
            "tags": [
                3
            ]
        }
    },
    "tag_dictionary": {
        "arcade": 1,
        "console": 2,
        "computer": 3,
        "util": 4
    }
}