{"base_url":"https://github.com/zxtres/cores/raw/41107996eb50237c7ea181d3098d700d85159507/zxnext/zxnext_axxt_3_01_11_20230924.zip","base_hash":"bf6f94447429bbbfbfd61f8d13472cec","base_size":1948791,"files":{"zxnext_top_a100t_3_01_11_20230924.bit":{"kind":"a100t","type":"bit","file":"zxnext_top_01_11_2020924_a100t_3.bit","hash":"56f848d981b8dc503cf8cff08ecf665d","size":1499406,"tags":[3]},"zxnext_top_a100t_3_01_11_20230924.ZX3":{"kind":"a100t","type":"zx3","file":"zxnext_top_01_11_2020924_a100t_3.zx3","hash":"e94a5bb7abc5d322b25f7123b0ca53cf","size":1499280,"tags":[3]},"zxnext_top_a200t_3_01_11_20230924.bit":{"kind":"a200t","type":"bit","file":"zxnext_top_01_11_2020924_a200t_3.bit","hash":"c407137ee1d1d68cd05c7d3fe03b1b32","size":2512542,"tags":[3]},"zxnext_top_a200t_3_01_11_20230924.ZX3":{"kind":"a200t","type":"zx3","file":"zxnext_top_01_11_2020924_a200t_3.zx3","hash":"c198d746ee62eecf43bc4c9976c3eb1b","size":2512416,"tags":[3]},"zxnext_top_a35t_3_01_11_20230924.bit":{"kind":"a35t","type":"bit","file":"zxnext_top_01_11_2020924_a35t_3.bit","hash":"c7f29f1b8122718ce1dad028cc7a3068","size":1134797,"tags":[3]},"zxnext_top_a35t_3_01_11_20230924.ZX3":{"kind":"a35t","type":"zx3","file":"zxnext_top_01_11_2020924_a35t_3.zx3","hash":"0e23dec2999d364ef96337d7cc53dac5","size":1134672,"tags":[3]}},"tag_dictionary":{"arcade":1,"console":2,"computer":3,"util":4}}