{"base_url":"https://raw.githubusercontent.com/renaudhelias/FPGAmstrad/master/OS6128_BASIC1-1_AMSDOS_MAXAM.zip","base_hash":"c9acad72b77fb7d00e288ba3a58c3083","base_size":263659,"files":{"OS6128.ROM":{"file":"OS6128.ROM","path":["AMSTRAD"],"hash":"9ba1b052c77713024bf2eb224cad2062","size":16384},"BASIC1-1.ROM":{"file":"BASIC1-1.ROM","path":["AMSTRAD"],"hash":"2cc1ba759f835c98a480a152d786b877","size":16384},"AMSDOS.ROM":{"file":"AMSDOS.ROM","path":["AMSTRAD"],"hash":"25629dfe870d097469c217b95fdc1c95","size":16384}}}