{"base_url": "http://www.thefossilrecord.co.uk/wp-content/uploads/zx/BROWSE_latest.zip", "base_hash": "17cbb4ed826b2fd6d9719d5e50c52ec5", "base_size": 250302, "files": {"100/BIN/BPLUGINS/ART": {"file": "BIN/BPLUGINS/ART", "hash": "15560b16cc015ed23d928965049427ea", "size": 1365}, "100/BIN/BPLUGINS/AY": {"file": "BIN/BPLUGINS/AY", "hash": "d7e8b19ae8203d363363d76d64d53485", "size": 2762}, "100/BIN/BPLUGINS/BAS": {"file": "BIN/BPLUGINS/BAS", "hash": "83d03184a09945d938baeeb03acf47e9", "size": 75}, "100/BIN/BPLUGINS/CFG/PT2.INI": {"file": "BIN/BPLUGINS/CFG/PT2.INI", "hash": "edae757e643302d7d14ce141745d8033", "size": 267}, "100/BIN/BPLUGINS/CFG/PT3.INI": {"file": "BIN/BPLUGINS/CFG/PT3.INI", "hash": "edae757e643302d7d14ce141745d8033", "size": 267}, "100/BIN/BPLUGINS/CFG/SCR.INI": {"file": "BIN/BPLUGINS/CFG/SCR.INI", "hash": "8a3d94503507f2e413fbd2cdf75842b8", "size": 228}, "100/BIN/BPLUGINS/CFG/TAP.INI": {"file": "BIN/BPLUGINS/CFG/TAP.INI", "hash": "fb5d42fb8d0e78889aa14fb5826a8044", "size": 238}, "100/BIN/BPLUGINS/CFG/WAV.INI": {"file": "BIN/BPLUGINS/CFG/WAV.INI", "hash": "f776ba0cbfd778dcfb1e8cd37aa9fa46", "size": 188}, "100/BIN/BPLUGINS/FONTS/64.FNT": {"file": "BIN/BPLUGINS/FONTS/64.FNT", "hash": "5d22e442b03133f57f6fc99fa597a6ce", "size": 776}, "100/BIN/BPLUGINS/FONTS/BOLD.FNT": {"file": "BIN/BPLUGINS/FONTS/BOLD.FNT", "hash": "bc612c9e8e77164b64d3af536b517037", "size": 776}, "100/BIN/BPLUGINS/FONTS/CEEPEE.FNT": {"file": "BIN/BPLUGINS/FONTS/CEEPEE.FNT", "hash": "fb5652adb33069079689ce9947d4048e", "size": 776}, "100/BIN/BPLUGINS/FONTS/HITCH.FNT": {"file": "BIN/BPLUGINS/FONTS/HITCH.FNT", "hash": "6aca2784a45ce0eb23b2ae40b5eace94", "size": 776}, "100/BIN/BPLUGINS/FONTS/SMART.FNT": {"file": "BIN/BPLUGINS/FONTS/SMART.FNT", "hash": "7e7ac0c8de58c2b260b0da8167a1555c", "size": 776}, "100/BIN/BPLUGINS/HAM": {"file": "BIN/BPLUGINS/HAM", "hash": "c962ef64758a0a5346558ef1b2ef355c", "size": 1177}, "100/BIN/BPLUGINS/IMG": {"file": "BIN/BPLUGINS/IMG", "hash": "be61d6ea9d79b6a7ac0eed97b7b2af58", "size": 877}, "100/BIN/BPLUGINS/INFO/SCL": {"file": "BIN/BPLUGINS/INFO/SCL", "hash": "12bcb51c6cdccad4bda6072f3113ead3", "size": 2039}, "100/BIN/BPLUGINS/INFO/TAP": {"file": "BIN/BPLUGINS/INFO/TAP", "hash": "2607e951aa6c6c0a362869b4c8a0345f", "size": 532}, "100/BIN/BPLUGINS/INFO/TRD": {"file": "BIN/BPLUGINS/INFO/TRD", "hash": "fd6a6a0d70e0acde9d048203a8e293cb", "size": 2538}, "100/BIN/BPLUGINS/IPH": {"file": "BIN/BPLUGINS/IPH", "hash": "15560b16cc015ed23d928965049427ea", "size": 1365}, "100/BIN/BPLUGINS/LCE": {"file": "BIN/BPLUGINS/LCE", "hash": "be61d6ea9d79b6a7ac0eed97b7b2af58", "size": 877}, "100/BIN/BPLUGINS/MG1": {"file": "BIN/BPLUGINS/MG1", "hash": "317131a19f6648a74ec6a56ed0a894be", "size": 842}, "100/BIN/BPLUGINS/MG2": {"file": "BIN/BPLUGINS/MG2", "hash": "26ad43daee6736cdcd133054cde1c49f", "size": 946}, "100/BIN/BPLUGINS/MG4": {"file": "BIN/BPLUGINS/MG4", "hash": "d8a701c7416db10de39dec394f7b65e3", "size": 946}, "100/BIN/BPLUGINS/MID": {"file": "BIN/BPLUGINS/MID", "hash": "e8c8ec65aa64c4626d79e78f535c0dd9", "size": 193}, "100/BIN/BPLUGINS/MYM": {"file": "BIN/BPLUGINS/MYM", "hash": "d8db73f59c1a50e857fea126d25e3ecc", "size": 1420}, "100/BIN/BPLUGINS/POK": {"file": "BIN/BPLUGINS/POK", "hash": "bf94cf8805c0096c5e002a48aae146a2", "size": 2795}, "100/BIN/BPLUGINS/PT1": {"file": "BIN/BPLUGINS/PT1", "hash": "2dc3491940f80a089c31d286513eed54", "size": 2446}, "100/BIN/BPLUGINS/PT2": {"file": "BIN/BPLUGINS/PT2", "hash": "d62082eb8db77cf2e625c0ab9b3cadf7", "size": 3958}, "100/BIN/BPLUGINS/PT3": {"file": "BIN/BPLUGINS/PT3", "hash": "c2727f0cf8e275ece8fe0e7173ada304", "size": 3988}, "100/BIN/BPLUGINS/PZX": {"file": "BIN/BPLUGINS/PZX", "hash": "aba7e4ddbe43d4d61f1f8c2f40f2b6c7", "size": 2988}, "100/BIN/BPLUGINS/RAD": {"file": "BIN/BPLUGINS/RAD", "hash": "d38b4f47b335672c77308f609fabcfb0", "size": 959}, "100/BIN/BPLUGINS/ROM": {"file": "BIN/BPLUGINS/ROM", "hash": "1869d80efb9749bc04287087c1162315", "size": 239}, "100/BIN/BPLUGINS/SCL": {"file": "BIN/BPLUGINS/SCL", "hash": "9e6f6496581d62cd576faa8bd081e4cd", "size": 1741}, "100/BIN/BPLUGINS/SCR": {"file": "BIN/BPLUGINS/SCR", "hash": "e9bb7d5d6f662711a2623523e2885cf5", "size": 1067}, "100/BIN/BPLUGINS/SNA": {"file": "BIN/BPLUGINS/SNA", "hash": "cce23f0e5fb262e5b1f04132c2d29c57", "size": 76}, "100/BIN/BPLUGINS/SQT": {"file": "BIN/BPLUGINS/SQT", "hash": "bff99d2a8bf3efc0dc6c4f008e04704b", "size": 2076}, "100/BIN/BPLUGINS/STC": {"file": "BIN/BPLUGINS/STC", "hash": "dfc46985cfc3b617927197e5920c5bc9", "size": 1876}, "100/BIN/BPLUGINS/STP": {"file": "BIN/BPLUGINS/STP", "hash": "aa1b8f4899ba1a85a38211d436ea2e19", "size": 2582}, "100/BIN/BPLUGINS/TAP": {"file": "BIN/BPLUGINS/TAP", "hash": "bd2512de16de45ec485edd6b47cd39dd", "size": 2865}, "100/BIN/BPLUGINS/TRD": {"file": "BIN/BPLUGINS/TRD", "hash": "02bcc8d8e62de3eafd1e9900cd33dfb7", "size": 728}, "100/BIN/BPLUGINS/TRD.TAP": {"file": "BIN/BPLUGINS/TRD.TAP", "hash": "83f51ee7d4cc4c214ff7a224287ea934", "size": 40}, "100/BIN/BPLUGINS/TXT": {"file": "BIN/BPLUGINS/TXT", "hash": "b7779fb9bbf399bbad78e834335147bf", "size": 2193}, "100/BIN/BPLUGINS/ULA": {"file": "BIN/BPLUGINS/ULA", "hash": "a5585a0c5d1c4290cbfe1bf2ff226b87", "size": 551}, "100/BIN/BPLUGINS/WAV": {"file": "BIN/BPLUGINS/WAV", "hash": "5f10a7d4d6f48295cbd6cb33e6e8d22a", "size": 3841}, "100/BIN/BPLUGINS/Z80": {"file": "BIN/BPLUGINS/Z80", "hash": "831054028289507c0cdbeaa0cfe53fe1", "size": 76}, "100/BIN/BPLUGINS/_CLP": {"file": "BIN/BPLUGINS/_CLP", "hash": "6c8b13f268b18825ac12f287a0bbeedd", "size": 4654}, "100/BIN/BPLUGINS/_DOS": {"file": "BIN/BPLUGINS/_DOS", "hash": "62e492f4247b20f1da9ab9eb67dd6ba3", "size": 3013}, "100/BIN/BPLUGINS/_DSK": {"file": "BIN/BPLUGINS/_DSK", "hash": "54a59c3398e9e5c54321717f139a8b67", "size": 2312}, "100/BIN/BPLUGINS/_EXT": {"file": "BIN/BPLUGINS/_EXT", "hash": "6bb7a4cecc94dd58ceecdf66c9b01bc5", "size": 229}, "100/BIN/BPLUGINS/_FUL": {"file": "BIN/BPLUGINS/_FUL", "hash": "d22846b8b43e126a6e6817331b040443", "size": 758}, "100/BIN/BPLUGINS/_HEX": {"file": "BIN/BPLUGINS/_HEX", "hash": "5c5803eadff246c72ffeeb4c4f3650d9", "size": 2320}, "100/BIN/BPLUGINS/_HLP": {"file": "BIN/BPLUGINS/_HLP", "hash": "627a5d8f50e788fb80d255c9ad2cf5f0", "size": 3781}, "100/BIN/BPLUGINS/_INF": {"file": "BIN/BPLUGINS/_INF", "hash": "8070b9919517701438bb1ab3d53413b4", "size": 2426}, "100/BIN/BPLUGINS/_LOK": {"file": "BIN/BPLUGINS/_LOK", "hash": "1935a4899e3df73526036cab8e64988c", "size": 217}, "100/BIN/BPLUGINS/_POK": {"file": "BIN/BPLUGINS/_POK", "hash": "b17bf1cb87f8c4b3360cf1fca318cea0", "size": 2095}, "100/BIN/BPLUGINS/_SNA": {"file": "BIN/BPLUGINS/_SNA", "hash": "6a8f11fd07677888d162ecba2ccbef3e", "size": 2664}, "100/BIN/BPLUGINS/_SPD": {"file": "BIN/BPLUGINS/_SPD", "hash": "44ef80a8c37a3b4435ba22b20e3db06a", "size": 2981}, "100/BIN/BPLUGINS/_TAP": {"file": "BIN/BPLUGINS/_TAP", "hash": "5ce61cd50280d0274815408fad7cf4fb", "size": 377}, "100/BIN/BPLUGINS/_TPE": {"file": "BIN/BPLUGINS/_TPE", "hash": "6eaf6ccca655876b0582a7f50674c6ea", "size": 3786}, "100/BIN/BPLUGINS/_TXT": {"file": "BIN/BPLUGINS/_TXT", "hash": "e9e39460c48d8c49d565b49b2dd950d0", "size": 2193}, "100/BIN/BPLUGINS/_UNO": {"file": "BIN/BPLUGINS/_UNO", "hash": "6cba36405139b43610e32150f319d157", "size": 4097}, "100/BIN/BROWSE": {"file": "BIN/BROWSE", "hash": "5546a8409c754fb6d7c0b24a957d14d5", "size": 643}, "100/BIN/BROWSE.BIN": {"file": "BIN/BROWSE.BIN", "hash": "5aa6a51c740ec361658cd0ad95f1a8ea", "size": 8039}, "100/BIN/BRWSCFG": {"file": "BIN/BRWSCFG", "hash": "f27feb9d5ad65f7655f5ae173a107f1e", "size": 4821}, "100/BIN/BRWSFONT": {"file": "BIN/BRWSFONT", "hash": "72f1df6cd072166fb3c26617ef3441b7", "size": 741}, "100/BIN/NMIINIT": {"file": "BIN/NMIINIT", "hash": "46893106be1cb8a4a878865a7ea6157e", "size": 248}, "100/BIN/PLUGCFG": {"file": "BIN/PLUGCFG", "hash": "1cdf177ab363f7eb86e79b6e4f329630", "size": 2916}, "100/SYS/NMI.SYS": {"file": "SYS/NMI.SYS", "hash": "6f992877d6972e3e7d3662de19cfdaba", "size": 414}, "100/changelog.txt": {"file": "changelog.txt", "hash": "b268218bea6308496b091dac965a6c47", "size": 26072}}}