{"base_url":"http://www.thefossilrecord.co.uk/wp-content/uploads/zx/BROWSE_latest.zip","base_hash":"af1cfccd7e120bc059074fb26401f4a7","base_size":236203,"files":{"BIN/BPLUGINS/ART":{"file":"BIN/BPLUGINS/ART","hash":"15560b16cc015ed23d928965049427ea","size":1365},"BIN/BPLUGINS/AY":{"file":"BIN/BPLUGINS/AY","hash":"74a4c82e32012b34ddbf044ddcee2825","size":2799},"BIN/BPLUGINS/BAS":{"file":"BIN/BPLUGINS/BAS","hash":"83d03184a09945d938baeeb03acf47e9","size":75},"BIN/BPLUGINS/CFG/PT2.INI":{"file":"BIN/BPLUGINS/CFG/PT2.INI","hash":"edae757e643302d7d14ce141745d8033","size":267},"BIN/BPLUGINS/CFG/PT3.INI":{"file":"BIN/BPLUGINS/CFG/PT3.INI","hash":"edae757e643302d7d14ce141745d8033","size":267},"BIN/BPLUGINS/CFG/SCR.INI":{"file":"BIN/BPLUGINS/CFG/SCR.INI","hash":"8a3d94503507f2e413fbd2cdf75842b8","size":228},"BIN/BPLUGINS/CFG/WAV.INI":{"file":"BIN/BPLUGINS/CFG/WAV.INI","hash":"f776ba0cbfd778dcfb1e8cd37aa9fa46","size":188},"BIN/BPLUGINS/FONTS/64.FNT":{"file":"BIN/BPLUGINS/FONTS/64.FNT","hash":"5d22e442b03133f57f6fc99fa597a6ce","size":776},"BIN/BPLUGINS/FONTS/BOLD.FNT":{"file":"BIN/BPLUGINS/FONTS/BOLD.FNT","hash":"bc612c9e8e77164b64d3af536b517037","size":776},"BIN/BPLUGINS/FONTS/CEEPEE.FNT":{"file":"BIN/BPLUGINS/FONTS/CEEPEE.FNT","hash":"fb5652adb33069079689ce9947d4048e","size":776},"BIN/BPLUGINS/FONTS/SMART.FNT":{"file":"BIN/BPLUGINS/FONTS/SMART.FNT","hash":"7e7ac0c8de58c2b260b0da8167a1555c","size":776},"BIN/BPLUGINS/HAM":{"file":"BIN/BPLUGINS/HAM","hash":"c962ef64758a0a5346558ef1b2ef355c","size":1177},"BIN/BPLUGINS/IMG":{"file":"BIN/BPLUGINS/IMG","hash":"be61d6ea9d79b6a7ac0eed97b7b2af58","size":877},"BIN/BPLUGINS/INFO/SCL":{"file":"BIN/BPLUGINS/INFO/SCL","hash":"12bcb51c6cdccad4bda6072f3113ead3","size":2039},"BIN/BPLUGINS/INFO/TAP":{"file":"BIN/BPLUGINS/INFO/TAP","hash":"2607e951aa6c6c0a362869b4c8a0345f","size":532},"BIN/BPLUGINS/INFO/TRD":{"file":"BIN/BPLUGINS/INFO/TRD","hash":"fd6a6a0d70e0acde9d048203a8e293cb","size":2538},"BIN/BPLUGINS/IPH":{"file":"BIN/BPLUGINS/IPH","hash":"15560b16cc015ed23d928965049427ea","size":1365},"BIN/BPLUGINS/LCE":{"file":"BIN/BPLUGINS/LCE","hash":"be61d6ea9d79b6a7ac0eed97b7b2af58","size":877},"BIN/BPLUGINS/MG1":{"file":"BIN/BPLUGINS/MG1","hash":"317131a19f6648a74ec6a56ed0a894be","size":842},"BIN/BPLUGINS/MG2":{"file":"BIN/BPLUGINS/MG2","hash":"26ad43daee6736cdcd133054cde1c49f","size":946},"BIN/BPLUGINS/MG4":{"file":"BIN/BPLUGINS/MG4","hash":"d8a701c7416db10de39dec394f7b65e3","size":946},"BIN/BPLUGINS/MID":{"file":"BIN/BPLUGINS/MID","hash":"e8c8ec65aa64c4626d79e78f535c0dd9","size":193},"BIN/BPLUGINS/MYM":{"file":"BIN/BPLUGINS/MYM","hash":"d8db73f59c1a50e857fea126d25e3ecc","size":1420},"BIN/BPLUGINS/POK":{"file":"BIN/BPLUGINS/POK","hash":"16d83d5f9278a592c177dffd40d95fb7","size":2832},"BIN/BPLUGINS/PT1":{"file":"BIN/BPLUGINS/PT1","hash":"2dc3491940f80a089c31d286513eed54","size":2446},"BIN/BPLUGINS/PT2":{"file":"BIN/BPLUGINS/PT2","hash":"d62082eb8db77cf2e625c0ab9b3cadf7","size":3958},"BIN/BPLUGINS/PT3":{"file":"BIN/BPLUGINS/PT3","hash":"c2727f0cf8e275ece8fe0e7173ada304","size":3988},"BIN/BPLUGINS/PZX":{"file":"BIN/BPLUGINS/PZX","hash":"aba7e4ddbe43d4d61f1f8c2f40f2b6c7","size":2988},"BIN/BPLUGINS/RAD":{"file":"BIN/BPLUGINS/RAD","hash":"d38b4f47b335672c77308f609fabcfb0","size":959},"BIN/BPLUGINS/ROM":{"file":"BIN/BPLUGINS/ROM","hash":"1869d80efb9749bc04287087c1162315","size":239},"BIN/BPLUGINS/SCL":{"file":"BIN/BPLUGINS/SCL","hash":"9e6f6496581d62cd576faa8bd081e4cd","size":1741},"BIN/BPLUGINS/SCR":{"file":"BIN/BPLUGINS/SCR","hash":"e9bb7d5d6f662711a2623523e2885cf5","size":1067},"BIN/BPLUGINS/SNA":{"file":"BIN/BPLUGINS/SNA","hash":"cce23f0e5fb262e5b1f04132c2d29c57","size":76},"BIN/BPLUGINS/SQT":{"file":"BIN/BPLUGINS/SQT","hash":"bff99d2a8bf3efc0dc6c4f008e04704b","size":2076},"BIN/BPLUGINS/STC":{"file":"BIN/BPLUGINS/STC","hash":"dfc46985cfc3b617927197e5920c5bc9","size":1876},"BIN/BPLUGINS/TAP":{"file":"BIN/BPLUGINS/TAP","hash":"3242338edd0ae018c1eebeacbcea4aef","size":92},"BIN/BPLUGINS/TRD":{"file":"BIN/BPLUGINS/TRD","hash":"02bcc8d8e62de3eafd1e9900cd33dfb7","size":728},"BIN/BPLUGINS/TRD.TAP":{"file":"BIN/BPLUGINS/TRD.TAP","hash":"83f51ee7d4cc4c214ff7a224287ea934","size":40},"BIN/BPLUGINS/TXT":{"file":"BIN/BPLUGINS/TXT","hash":"b7779fb9bbf399bbad78e834335147bf","size":2193},"BIN/BPLUGINS/ULA":{"file":"BIN/BPLUGINS/ULA","hash":"a5585a0c5d1c4290cbfe1bf2ff226b87","size":551},"BIN/BPLUGINS/WAV":{"file":"BIN/BPLUGINS/WAV","hash":"5f10a7d4d6f48295cbd6cb33e6e8d22a","size":3841},"BIN/BPLUGINS/Z80":{"file":"BIN/BPLUGINS/Z80","hash":"831054028289507c0cdbeaa0cfe53fe1","size":76},"BIN/BPLUGINS/_CLP":{"file":"BIN/BPLUGINS/_CLP","hash":"9ce574ac7df0950a4585d02326d84e7c","size":4678},"BIN/BPLUGINS/_DOS":{"file":"BIN/BPLUGINS/_DOS","hash":"6e9162bfbaa3199850170aedca5b8cb6","size":3043},"BIN/BPLUGINS/_DSK":{"file":"BIN/BPLUGINS/_DSK","hash":"cd0725e8cf97a1d4903c45d719fb8299","size":2342},"BIN/BPLUGINS/_EXT":{"file":"BIN/BPLUGINS/_EXT","hash":"6bb7a4cecc94dd58ceecdf66c9b01bc5","size":229},"BIN/BPLUGINS/_FUL":{"file":"BIN/BPLUGINS/_FUL","hash":"d22846b8b43e126a6e6817331b040443","size":758},"BIN/BPLUGINS/_HEX":{"file":"BIN/BPLUGINS/_HEX","hash":"5c5803eadff246c72ffeeb4c4f3650d9","size":2320},"BIN/BPLUGINS/_HLP":{"file":"BIN/BPLUGINS/_HLP","hash":"3ce40be370a52fb7373103d9e10db535","size":3818},"BIN/BPLUGINS/_INF":{"file":"BIN/BPLUGINS/_INF","hash":"9bb46e016dada3c5ccddac4af65755a1","size":2463},"BIN/BPLUGINS/_LOK":{"file":"BIN/BPLUGINS/_LOK","hash":"1935a4899e3df73526036cab8e64988c","size":217},"BIN/BPLUGINS/_POK":{"file":"BIN/BPLUGINS/_POK","hash":"1eb1c1aef75021d5277d0d3959aa5faf","size":2125},"BIN/BPLUGINS/_SNA":{"file":"BIN/BPLUGINS/_SNA","hash":"87191f2e1fe8a3648a782da39f603565","size":2561},"BIN/BPLUGINS/_SPD":{"file":"BIN/BPLUGINS/_SPD","hash":"36463c990e3f9d86cfe071ad928075d6","size":3018},"BIN/BPLUGINS/_TAP":{"file":"BIN/BPLUGINS/_TAP","hash":"5ce61cd50280d0274815408fad7cf4fb","size":377},"BIN/BPLUGINS/_TPE":{"file":"BIN/BPLUGINS/_TPE","hash":"4aebbfa10bab4be88b908b0833b61a34","size":3816},"BIN/BPLUGINS/_TXT":{"file":"BIN/BPLUGINS/_TXT","hash":"e9e39460c48d8c49d565b49b2dd950d0","size":2193},"BIN/BPLUGINS/_UNO":{"file":"BIN/BPLUGINS/_UNO","hash":"f6c25fac12339feb8b417c72c7532f29","size":4125},"BIN/BROWSE":{"file":"BIN/BROWSE","hash":"1d8a195471d136ebf6c55b704b438dd0","size":643},"BIN/BROWSE.BIN":{"file":"BIN/BROWSE.BIN","hash":"363b75bfed43e96bbd67ea0b4cb4ed67","size":9194},"BIN/BRWSCFG":{"file":"BIN/BRWSCFG","hash":"f27feb9d5ad65f7655f5ae173a107f1e","size":4821},"BIN/BRWSFONT":{"file":"BIN/BRWSFONT","hash":"72f1df6cd072166fb3c26617ef3441b7","size":741},"BIN/NMIINIT":{"file":"BIN/NMIINIT","hash":"46893106be1cb8a4a878865a7ea6157e","size":248},"BIN/PLUGCFG":{"file":"BIN/PLUGCFG","hash":"1cdf177ab363f7eb86e79b6e4f329630","size":2916},"SYS/NMI.SYS":{"file":"SYS/NMI.SYS","hash":"318d2381c0dd4629dbf1a1f9e28b34d0","size":384},"changelog.txt":{"file":"changelog.txt","hash":"2734c241a6fc780827db17c8ce246840","size":25271}}}