{"files":{"CORE":{"url":"https://github.com/zxtres/dot_commands/raw/main/core/CORE","file":"CORE","path":["BIN"],"hash":"13a5d9bbb8876108fd38d136bf862cc8","size":517},"DMAPLAYW":{"url":"https://github.com/zxtres/dot_commands/raw/main/dmaplayw/dmaplayw","file":"dmaplayw","path":["BIN"],"hash":"0301f61951e292a3a7ebc61b062ed251","size":1142},"INITFLSH":{"url":"https://github.com/zxtres/dot_commands/raw/main/initflsh_updcore/INITFLSH","file":"INITFLSH","path":["BIN"],"hash":"6398b8a9f447ca8beef4002dc5f193ca","size":2733},"UPDCORE":{"url":"https://github.com/zxtres/dot_commands/raw/main/initflsh_updcore/UPDCORE","file":"UPDCORE","path":["BIN"],"hash":"4ec39db9e3ff414c4a2e870816d86cea","size":2613},"JOYCONF":{"url":"https://github.com/zxtres/dot_commands/raw/main/joyconf/JOYCONF","file":"JOYCONF","path":["BIN"],"hash":"6792166da46d9459bcfb88c7cbbfa87f","size":3503},"KEYMAP":{"url":"https://github.com/zxtres/dot_commands/raw/main/keymap/KEYMAP","file":"KEYMAP","path":["BIN"],"hash":"eade06da815a3829d2e570ab2a28c21b","size":4310},"LOADPZX":{"url":"https://github.com/zxtres/dot_commands/raw/main/loadpzx/LOADPZX","file":"LOADPZX","path":["BIN"],"hash":"1eda9f84a6449fd507fbbc07f5635534","size":2330},"LOADTAP":{"url":"https://github.com/zxtres/dot_commands/raw/main/loadpzx/LOADTAP","file":"LOADTAP","path":["BIN"],"hash":"5436e26004ec0104fa5851a58dca8ddd","size":2284},"PLAYMID":{"url":"https://github.com/zxtres/dot_commands/raw/main/playmid/PLAYMID","file":"PLAYMID","path":["BIN"],"hash":"f09e5554a6a065a0b6079f87363cb6bd","size":3392},"PLAYRMOV":{"url":"https://github.com/zxtres/dot_commands/raw/main/playrmov/PLAYRMOV","file":"PLAYRMOV","path":["BIN"],"hash":"e9c5265d78839ae9b0a3bc17a420c864","size":359},"PLAYZXM":{"url":"https://github.com/zxtres/dot_commands/raw/main/playzxm/PLAYZXM","file":"PLAYZXM","path":["BIN"],"hash":"4148b2b80d582cddd28d8550007add22","size":412},"PLYZXM48":{"url":"https://github.com/zxtres/dot_commands/raw/main/playzxm/PLYZXM48","file":"PLYZXM48","path":["BIN"],"hash":"0da0100bbc484a88ceeea2df816cb96b","size":344},"ZXUNOCFG":{"url":"https://github.com/zxtres/dot_commands/raw/main/zxunocfg/ZXUNOCFG","file":"ZXUNOCFG","path":["BIN"],"hash":"8a2bb7ab583cca391ef147095b5a571d","size":2081},"BIN/BACKZX3":{"url":"https://github.com/zxdos/zxuno/raw/master/SD/BIN/BACKZX3","file":"BACKZX3","path":["BIN"],"hash":"501fe243107902d0ca5e51b75230cbd2","size":470},"BIN/BPLUGINS/BIT":{"url":"https://github.com/zxdos/zxuno/raw/master/SD/BIN/BPLUGINS/BIT","file":"BIT","path":["BIN","BPLUGINS"],"hash":"37b68b1af8f3c65fb78bb315b364871d","size":146},"BIN/BPLUGINS/ZX3":{"url":"https://github.com/zxdos/zxuno/raw/master/SD/BIN/BPLUGINS/ZX3","file":"ZX3","path":["BIN","BPLUGINS"],"hash":"cc3ab80b20c445e032451596b5a99f0f","size":764},"BIN/DATE":{"url":"https://github.com/zxdos/zxuno/raw/master/SD/BIN/DATE","file":"DATE","path":["BIN"],"hash":"1c208e830fa7ff0e574ea37668158510","size":374},"BIN/DMAPLAYW":{"url":"https://github.com/zxdos/zxuno/raw/master/SD/BIN/DMAPLAYW","file":"DMAPLAYW","path":["BIN"],"hash":"0301f61951e292a3a7ebc61b062ed251","size":1142},"BIN/ESPRST":{"url":"https://github.com/zxdos/zxuno/raw/master/SD/BIN/ESPRST","file":"ESPRST","path":["BIN"],"hash":"59267df3e86833d4bba70dafd0fa513d","size":789},"BIN/IWCONFIG":{"url":"https://github.com/zxdos/zxuno/raw/master/SD/BIN/IWCONFIG","file":"IWCONFIG","path":["BIN"],"hash":"374527ce1c991a487ca82809a7f8ced7","size":5845},"BIN/MC":{"url":"https://github.com/zxdos/zxuno/raw/master/SD/BIN/MC","file":"MC","path":["BIN"],"hash":"b1dacfce0c2fd161b92b8e2575042d08","size":556},"BIN/RTCST":{"url":"https://github.com/zxdos/zxuno/raw/master/SD/BIN/RTCST","file":"RTCST","path":["BIN"],"hash":"558485ad670605b2ea95f0b817c3e86e","size":217},"BIN/UPGRZX3":{"url":"https://github.com/zxdos/zxuno/raw/master/SD/BIN/UPGRZX3","file":"UPGRZX3","path":["BIN"],"hash":"6c2ceedce106650b80aec514b20014ef","size":571},"SYS/KEYMAPS/AV":{"url":"https://github.com/zxdos/zxuno/raw/master/SD/SYS/KEYMAPS/AV","file":"AV","path":["SYS","KEYMAPS"],"hash":"527d53cbe8d14b274468d9f1506e2141","size":4096},"SYS/KEYMAPS/ES":{"url":"https://github.com/zxdos/zxuno/raw/master/SD/SYS/KEYMAPS/ES","file":"ES","path":["SYS","KEYMAPS"],"hash":"566f09511201a66769bfc2e2b58aaefd","size":4096},"SYS/KEYMAPS/US":{"url":"https://github.com/zxdos/zxuno/raw/master/SD/SYS/KEYMAPS/US","file":"US","path":["SYS","KEYMAPS"],"hash":"93ce23e367ead886779d6c6cd4c13031","size":4096},"SYS/RTC.SYS":{"url":"https://github.com/zxdos/zxuno/raw/master/SD/SYS/RTC.SYS","file":"RTC.SYS","path":["SYS"],"hash":"8c926e62ddeaa01ed058e5d294f940a9","size":219}}}