{"base_url":"http://www.retroramblings.net/snapshots/MinimigAGA_TC64V2_20220225.zip","base_hash":"f1b9827a3d64e29bd59454b4b510b8f7","base_size":999385,"files":{"MinimigAGA_TC64V2_20220225/minimig.art":{"file":"minimig.art","path":[""],"hash":"7b34fbbecce4415cdf6f99a1cee2d061","size":1664},"MinimigAGA_TC64V2_20220225/minimig.bal":{"file":"minimig.bal","path":[""],"hash":"fb06dbd13259e5864c3d577577f53790","size":16384},"MinimigAGA_TC64V2_20220225/minimig.cop":{"file":"minimig.cop","path":[""],"hash":"25c19044b64a47ad14b2190128ac34e1","size":860}}}