{"files":{"a2600_a1_a100t_20230903.bit":{"kind":"a100t","type":"bit","hash":"4efe940ecf998df180d06c4707c10313","size":1206400,"tags":[2],"url":"https://github.com/zxtres/cores/raw/1d419c97066b1cece4cfa753c565a5ba8aae3d84/Atari2600/A2600_zxtres_a100t_20230903_a1.bit"},"a2600_a1_a100t_20230903.zx3":{"kind":"a100t","type":"zx3","hash":"0d63681bbf0eb1d8f403e8a5e3e19b38","size":1206272,"tags":[2],"url":"https://github.com/zxtres/cores/raw/1d419c97066b1cece4cfa753c565a5ba8aae3d84/Atari2600/A2600_zxtres_a100t_20230903_a1.ZX3"},"a2600_a1_a200t_20230903.bit":{"kind":"a200t","type":"bit","hash":"2d45b47fac9b1ab4f0fd4188c211289d","size":1835796,"tags":[2],"url":"https://github.com/zxtres/cores/raw/1d419c97066b1cece4cfa753c565a5ba8aae3d84/Atari2600/A2600_zxtres_a200t_20230903_a1.bit"},"a2600_a1_a200t_20230903.zx3":{"kind":"a200t","type":"zx3","hash":"df2f1b9d6f111ba46550a39f6b692c69","size":1835668,"tags":[2],"url":"https://github.com/zxtres/cores/raw/1d419c97066b1cece4cfa753c565a5ba8aae3d84/Atari2600/A2600_zxtres_a200t_20230903_a1.ZX3"},"a2600_a1_a35t_20230903.bit":{"kind":"a35t","type":"bit","hash":"7ee8ecf7bc2b2e323db3b8ce924c133e","size":812947,"tags":[2],"url":"https://github.com/zxtres/cores/raw/1d419c97066b1cece4cfa753c565a5ba8aae3d84/Atari2600/A2600_zxtres_a35t_20230903_a1.bit"},"a2600_a1_a35t_20230903.zx3":{"kind":"a35t","type":"zx3","hash":"60463ae378cb07b3b0dc76029b7fd870","size":812820,"tags":[2],"url":"https://github.com/zxtres/cores/raw/1d419c97066b1cece4cfa753c565a5ba8aae3d84/Atari2600/A2600_zxtres_a35t_20230903_a1.ZX3"},"amiga_aga_a100t_20230908.bit":{"kind":"a100t","type":"bit","hash":"01c70f484c8c002e418a17b50193783c","size":1932630,"tags":[3],"url":"https://github.com/zxtres/cores/raw/1d419c97066b1cece4cfa753c565a5ba8aae3d84/minimig/AMIGA_AGA_20230908_A100T.bit"},"amiga_aga_a100t_20230908.zx3":{"kind":"a100t","type":"zx3","hash":"f98945622446501bf740434297bf13f4","size":1932512,"tags":[3],"url":"https://github.com/zxtres/cores/raw/1d419c97066b1cece4cfa753c565a5ba8aae3d84/minimig/AMIGA_AGA_20230908_A100T.ZX3"},"amiga_aga_a200t_20230908.bit":{"kind":"a200t","type":"bit","hash":"111504a4eb15838d3c05d1cd7ba669f6","size":3082730,"tags":[3],"url":"https://github.com/zxtres/cores/raw/1d419c97066b1cece4cfa753c565a5ba8aae3d84/minimig/AMIGA_AGA_20230908_A200T.bit"},"amiga_aga_a200t_20230908.zx3":{"kind":"a200t","type":"zx3","hash":"4c7447101ebaf533fb4c5dfe10ce2810","size":3082612,"tags":[3],"url":"https://github.com/zxtres/cores/raw/1d419c97066b1cece4cfa753c565a5ba8aae3d84/minimig/AMIGA_AGA_20230908_A200T.ZX3"},"amiga_aga_a35t_20230908.bit":{"kind":"a35t","type":"bit","hash":"c3b9997d8ed0e4c3d56bea2874fb44bd","size":1489233,"tags":[3],"url":"https://github.com/zxtres/cores/raw/1d419c97066b1cece4cfa753c565a5ba8aae3d84/minimig/AMIGA_AGA_20230908_A35T.bit"},"amiga_aga_a35t_20230908.zx3":{"kind":"a35t","type":"zx3","hash":"4630b31c8cb535490d1ee1e347372325","size":1489116,"tags":[3],"url":"https://github.com/zxtres/cores/raw/1d419c97066b1cece4cfa753c565a5ba8aae3d84/minimig/AMIGA_AGA_20230908_A35T.ZX3"},"atari_tetris_a100t_20230929.bit":{"kind":"a100t","type":"bit","hash":"afe59106d0362260dedf72740946d261","size":2137501,"tags":[1],"url":"https://github.com/zxtres/cores/raw/1d419c97066b1cece4cfa753c565a5ba8aae3d84/Atari_Tetris/ZXTRES (A100T)/Atari_Tetris_20230929_A100T.bit"},"atari_tetris_a100t_20230929.zx3":{"kind":"a100t","type":"zx3","hash":"a5d2a6ff6a20be187482349f4f283a78","size":2137380,"tags":[1],"url":"https://github.com/zxtres/cores/raw/1d419c97066b1cece4cfa753c565a5ba8aae3d84/Atari_Tetris/ZXTRES (A100T)/Atari_Tetris_20230929_A100T.zx3"},"atari_tetris_a200t_20230929.bit":{"kind":"a200t","type":"bit","hash":"7ebd64c56c07baecc32b493d2ae55fa4","size":3082729,"tags":[1],"url":"https://github.com/zxtres/cores/raw/1d419c97066b1cece4cfa753c565a5ba8aae3d84/Atari_Tetris/ZXTRES (A200T)/Atari_Tetris_20230929_A200T.bit"},"atari_tetris_a200t_20230929.zx3":{"kind":"a200t","type":"zx3","hash":"a04cd864de8931431d5ae040cdc6729d","size":3082608,"tags":[1],"url":"https://github.com/zxtres/cores/raw/1d419c97066b1cece4cfa753c565a5ba8aae3d84/Atari_Tetris/ZXTRES (A200T)/Atari_Tetris_20230929_A200T.zx3"},"atari_tetris_a35t_20230929.bit":{"kind":"a35t","type":"bit","hash":"0becda536b2d38a7a09e40cc53d2ce47","size":1595820,"tags":[1],"url":"https://github.com/zxtres/cores/raw/1d419c97066b1cece4cfa753c565a5ba8aae3d84/Atari_Tetris/ZXTRES (A35T)/Atari_Tetris_20230929_A35T.bit"},"atari_tetris_a35t_20230929.zx3":{"kind":"a35t","type":"zx3","hash":"8c59874f7c1af02994a7c45c9d58d089","size":1595700,"tags":[1],"url":"https://github.com/zxtres/cores/raw/1d419c97066b1cece4cfa753c565a5ba8aae3d84/Atari_Tetris/ZXTRES (A35T)/Atari_Tetris_20230929_A35T.zx3"},"cpc_a100t.bit":{"kind":"a100t","type":"bit","hash":"6edc30e4fbd2c6812664c948bf0ad763","size":1389506,"tags":[3],"url":"https://github.com/zxtres/cores/raw/1d419c97066b1cece4cfa753c565a5ba8aae3d84/amstrad_cpc/cpc_a100.bit"},"cpc_a100t_20230809.zx3":{"kind":"a100t","type":"zx3","hash":"63181bb05c00396823fb4006cd429780","size":1389388,"tags":[3],"url":"https://github.com/zxtres/cores/raw/1d419c97066b1cece4cfa753c565a5ba8aae3d84/amstrad_cpc/cpc_20230809_a100t.zx3"},"cpc_a200t.bit":{"kind":"a200t","type":"bit","hash":"e88d0fccfa5315cbea62db24d8897d50","size":2462658,"tags":[3],"url":"https://github.com/zxtres/cores/raw/1d419c97066b1cece4cfa753c565a5ba8aae3d84/amstrad_cpc/cpc_a200.bit"},"cpc_a200t_20230809.zx3":{"kind":"a200t","type":"zx3","hash":"8b856c9d15e7d47c8853fe657088bdee","size":2462540,"tags":[3],"url":"https://github.com/zxtres/cores/raw/1d419c97066b1cece4cfa753c565a5ba8aae3d84/amstrad_cpc/cpc_20230809_a200t.zx3"},"cpc_a35t.bit":{"kind":"a35t","type":"bit","hash":"fba66b9aa4f817137f56c7a8d3e132fe","size":1241185,"tags":[3],"url":"https://github.com/zxtres/cores/raw/1d419c97066b1cece4cfa753c565a5ba8aae3d84/amstrad_cpc/cpc_a35.bit"},"cpc_a35t_20230809.zx3":{"kind":"a35t","type":"zx3","hash":"8abd3b6d7bfc0f0f7533e08eaa79ea8c","size":1241068,"tags":[3],"url":"https://github.com/zxtres/cores/raw/1d419c97066b1cece4cfa753c565a5ba8aae3d84/amstrad_cpc/cpc_20230809_a35t.zx3"},"dptest_a100t.bit":{"kind":"a100t","type":"bit","hash":"a1f9241bab9268443aae5682e8451823","size":1516534,"tags":[4],"url":"https://github.com/zxtres/cores/raw/1d419c97066b1cece4cfa753c565a5ba8aae3d84/test_carta_ajuste/dptest_a100t.bit"},"dptest_a200t.bit":{"kind":"a200t","type":"bit","hash":"ced63a3864f3dec4088ebc0a0bee6d5d","size":2839914,"tags":[4],"url":"https://github.com/zxtres/cores/raw/1d419c97066b1cece4cfa753c565a5ba8aae3d84/test_carta_ajuste/dptest_a200t.bit"},"dptest_a35t.bit":{"kind":"a35t","type":"bit","hash":"259515555d6ec8560582a2b94280d081","size":982949,"tags":[4],"url":"https://github.com/zxtres/cores/raw/1d419c97066b1cece4cfa753c565a5ba8aae3d84/test_carta_ajuste/dptest_a35t.bit"},"ep_a200t.zx3":{"kind":"a200t","type":"zx3","hash":"4c7b5d8b24a8b56fdb594be11917d4d0","size":3057332,"tags":[3],"url":"https://github.com/zxtres/cores/raw/1d419c97066b1cece4cfa753c565a5ba8aae3d84/ep/ep-a200.zx3"},"jace_a100t_20230808.bit":{"kind":"a100t","type":"bit","hash":"c7afdb019ae252201eb349de9d015be7","size":1315364,"tags":[3],"url":"https://github.com/zxtres/cores/raw/a65a00e4230975d605c8dc297a10283af5ee791b/jupiter_ace/jace_100.bit"},"jace_a100t_20230808.zx3":{"kind":"a100t","type":"zx3","hash":"27ab76fb24ad5729d2b6c1ce7993543a","size":1315236,"tags":[3],"url":"https://github.com/zxtres/cores/raw/1d419c97066b1cece4cfa753c565a5ba8aae3d84/jupiter_ace/jace_20230808_a100t.zx3"},"jace_a200t_20230808.zx3":{"kind":"a200t","type":"zx3","hash":"9ab412430660d787a5c54a1bf4f6839e","size":2076964,"tags":[3],"url":"https://github.com/zxtres/cores/raw/1d419c97066b1cece4cfa753c565a5ba8aae3d84/jupiter_ace/jace_20230808_a200t.zx3"},"jace_a35t_20230808.zx3":{"kind":"a35t","type":"zx3","hash":"7033f8ee3d504cb7d093ae9152200d3b","size":1002852,"tags":[3],"url":"https://github.com/zxtres/cores/raw/1d419c97066b1cece4cfa753c565a5ba8aae3d84/jupiter_ace/jace_20230808_a35t.zx3"},"jt1942_a100t_20231104.bit":{"kind":"a100t","type":"bit","hash":"a9a34c837be2e68605b5ae137ad98ffb","size":2978697,"tags":[1],"url":"https://github.com/zxtres/cores/raw/1d419c97066b1cece4cfa753c565a5ba8aae3d84/jtcores/ZXTRES + (A100)/jt1942_zx3a100_20231104.bit"},"jt1942_a100t_20231104.zx3":{"kind":"a100t","type":"zx3","hash":"7a31c8d8b3986d7a9ef4e58798d926d6","size":2978568,"tags":[1],"url":"https://github.com/zxtres/cores/raw/1d419c97066b1cece4cfa753c565a5ba8aae3d84/jtcores/ZXTRES + (A100)/jt1942_zx3a100_20231104.zx3"},"jt1942_a200t_20231105.bit":{"kind":"a200t","type":"bit","hash":"33091c9e82788a8c0929e63dcacb73e8","size":5286213,"tags":[1],"url":"https://github.com/zxtres/cores/raw/1d419c97066b1cece4cfa753c565a5ba8aae3d84/jtcores/ZXTRES ++ (A200)/jt1942_zx3a200_20231105.bit"},"jt1942_a200t_20231105.zx3":{"kind":"a200t","type":"zx3","hash":"d180d4cb7df9e9cb5ebfe598b1a9cdbe","size":5286084,"tags":[1],"url":"https://github.com/zxtres/cores/raw/1d419c97066b1cece4cfa753c565a5ba8aae3d84/jtcores/ZXTRES ++ (A200)/jt1942_zx3a200_20231105.zx3"},"jt1942_a35t_20231022.bit":{"kind":"a35t","type":"bit","hash":"73cf740bb6602206a55902fb6d5c406f","size":1658544,"tags":[1],"url":"https://github.com/zxtres/cores/raw/1d419c97066b1cece4cfa753c565a5ba8aae3d84/jtcores/ZXTRES (A35)/jt1942_zx3a35_20231022.bit"},"jt1942_a35t_20231022.zx3":{"kind":"a35t","type":"zx3","hash":"c17c2fb68d1f19fa7435587e7870bc3b","size":1658416,"tags":[1],"url":"https://github.com/zxtres/cores/raw/1d419c97066b1cece4cfa753c565a5ba8aae3d84/jtcores/ZXTRES (A35)/jt1942_zx3a35_20231022.zx3"},"jt1943_a100t_20231104.bit":{"kind":"a100t","type":"bit","hash":"c38ae793bff40d4d68c433f9048c6822","size":3058729,"tags":[1],"url":"https://github.com/zxtres/cores/raw/1d419c97066b1cece4cfa753c565a5ba8aae3d84/jtcores/ZXTRES + (A100)/jt1943_zx3a100_20231104.bit"},"jt1943_a100t_20231104.zx3":{"kind":"a100t","type":"zx3","hash":"324ff2e43e8139214301068abaa938be","size":3058600,"tags":[1],"url":"https://github.com/zxtres/cores/raw/1d419c97066b1cece4cfa753c565a5ba8aae3d84/jtcores/ZXTRES + (A100)/jt1943_zx3a100_20231104.zx3"},"jt1943_a200t_20231105.bit":{"kind":"a200t","type":"bit","hash":"8a34220f1b4a8b0caade69f8158a3a49","size":5650105,"tags":[1],"url":"https://github.com/zxtres/cores/raw/1d419c97066b1cece4cfa753c565a5ba8aae3d84/jtcores/ZXTRES ++ (A200)/jt1943_zx3a200_20231105.bit"},"jt1943_a200t_20231105.zx3":{"kind":"a200t","type":"zx3","hash":"a78caaa1d976a9accb17459265b84c48","size":5649976,"tags":[1],"url":"https://github.com/zxtres/cores/raw/1d419c97066b1cece4cfa753c565a5ba8aae3d84/jtcores/ZXTRES ++ (A200)/jt1943_zx3a200_20231105.zx3"},"jtbiocom_a100t_20231104.bit":{"kind":"a100t","type":"bit","hash":"d3ededd85a2748943795181c519bf6c7","size":3013157,"tags":[1],"url":"https://github.com/zxtres/cores/raw/1d419c97066b1cece4cfa753c565a5ba8aae3d84/jtcores/ZXTRES + (A100)/jtbiocom_zx3a100_20231104.bit"},"jtbiocom_a100t_20231104.zx3":{"kind":"a100t","type":"zx3","hash":"d3f56bdbc1960bd09fa8351927971b9f","size":3013028,"tags":[1],"url":"https://github.com/zxtres/cores/raw/1d419c97066b1cece4cfa753c565a5ba8aae3d84/jtcores/ZXTRES + (A100)/jtbiocom_zx3a100_20231104.zx3"},"jtbiocom_a200t_20231105.bit":{"kind":"a200t","type":"bit","hash":"2459681ad35ffa5a51bfa35d71fcc071","size":5562701,"tags":[1],"url":"https://github.com/zxtres/cores/raw/1d419c97066b1cece4cfa753c565a5ba8aae3d84/jtcores/ZXTRES ++ (A200)/jtbiocom_zx3a200_20231105.bit"},"jtbiocom_a200t_20231105.zx3":{"kind":"a200t","type":"zx3","hash":"05e576ba0ed8b64f01356166bfa4ffee","size":5562572,"tags":[1],"url":"https://github.com/zxtres/cores/raw/1d419c97066b1cece4cfa753c565a5ba8aae3d84/jtcores/ZXTRES ++ (A200)/jtbiocom_zx3a200_20231105.zx3"},"jtbtiger_a100t_20231104.bit":{"kind":"a100t","type":"bit","hash":"8d7f7dbb1aded9e0244c95aa1efee5f4","size":3074129,"tags":[1],"url":"https://github.com/zxtres/cores/raw/1d419c97066b1cece4cfa753c565a5ba8aae3d84/jtcores/ZXTRES + (A100)/jtbtiger_zx3a100_20231104.bit"},"jtbtiger_a100t_20231104.zx3":{"kind":"a100t","type":"zx3","hash":"0d33ef4b8d516585729e45bd6d16eeb5","size":3074000,"tags":[1],"url":"https://github.com/zxtres/cores/raw/1d419c97066b1cece4cfa753c565a5ba8aae3d84/jtcores/ZXTRES + (A100)/jtbtiger_zx3a100_20231104.zx3"},"jtbtiger_a200t_20231105.bit":{"kind":"a200t","type":"bit","hash":"11d34ec9c8e8ee669b116a1fa0a14d46","size":5552769,"tags":[1],"url":"https://github.com/zxtres/cores/raw/1d419c97066b1cece4cfa753c565a5ba8aae3d84/jtcores/ZXTRES ++ (A200)/jtbtiger_zx3a200_20231105.bit"},"jtbtiger_a200t_20231105.zx3":{"kind":"a200t","type":"zx3","hash":"400c5baa327910f29a92a017682932cb","size":5552640,"tags":[1],"url":"https://github.com/zxtres/cores/raw/1d419c97066b1cece4cfa753c565a5ba8aae3d84/jtcores/ZXTRES ++ (A200)/jtbtiger_zx3a200_20231105.zx3"},"jtbubl_a100t_20231104.bit":{"kind":"a100t","type":"bit","hash":"cf437dfaac94caed46d68850357d77ca","size":3071085,"tags":[1],"url":"https://github.com/zxtres/cores/raw/1d419c97066b1cece4cfa753c565a5ba8aae3d84/jtcores/ZXTRES + (A100)/jtbubl_zx3a100_20231104.bit"},"jtbubl_a100t_20231104.zx3":{"kind":"a100t","type":"zx3","hash":"c30e9d6fdfde4958e3ac20268dfdd08a","size":3070956,"tags":[1],"url":"https://github.com/zxtres/cores/raw/1d419c97066b1cece4cfa753c565a5ba8aae3d84/jtcores/ZXTRES + (A100)/jtbubl_zx3a100_20231104.zx3"},"jtbubl_flip_a200t_20231105.bit":{"kind":"a200t","type":"bit","hash":"a643bc98fa90f2d89cb9bf7a243d369b","size":5425029,"tags":[1],"url":"https://github.com/zxtres/cores/raw/1d419c97066b1cece4cfa753c565a5ba8aae3d84/jtcores/ZXTRES ++ (A200)/jtbubl_flip_zx3a200_20231105.bit"},"jtbubl_flip_a200t_20231105.zx3":{"kind":"a200t","type":"zx3","hash":"b45b0bb3eee35c6b454e97e21aa36f53","size":5424900,"tags":[1],"url":"https://github.com/zxtres/cores/raw/1d419c97066b1cece4cfa753c565a5ba8aae3d84/jtcores/ZXTRES ++ (A200)/jtbubl_flip_zx3a200_20231105.zx3"},"jtcastle_a100t_20231104.bit":{"kind":"a100t","type":"bit","hash":"97440224d2c120262450b9b3dba5c82b","size":3043961,"tags":[1],"url":"https://github.com/zxtres/cores/raw/1d419c97066b1cece4cfa753c565a5ba8aae3d84/jtcores/ZXTRES + (A100)/jtcastle_zx3a100_20231104.bit"},"jtcastle_a100t_20231104.zx3":{"kind":"a100t","type":"zx3","hash":"fb710ebc7a11d23e70267b0fee7cb073","size":3043832,"tags":[1],"url":"https://github.com/zxtres/cores/raw/1d419c97066b1cece4cfa753c565a5ba8aae3d84/jtcores/ZXTRES + (A100)/jtcastle_zx3a100_20231104.zx3"},"jtcastle_a200t_20231105.bit":{"kind":"a200t","type":"bit","hash":"9053eda7e97563c900f56076a2fc3cb6","size":5463845,"tags":[1],"url":"https://github.com/zxtres/cores/raw/1d419c97066b1cece4cfa753c565a5ba8aae3d84/jtcores/ZXTRES ++ (A200)/jtcastle_zx3a200_20231105.bit"},"jtcastle_a200t_20231105.zx3":{"kind":"a200t","type":"zx3","hash":"75299bf05448e4cf582c2e392ef7a318","size":5463716,"tags":[1],"url":"https://github.com/zxtres/cores/raw/1d419c97066b1cece4cfa753c565a5ba8aae3d84/jtcores/ZXTRES ++ (A200)/jtcastle_zx3a200_20231105.zx3"},"jtcommnd_a100t_20231104.bit":{"kind":"a100t","type":"bit","hash":"37d00fa15c5afd90a4d1b5da8a943721","size":3067369,"tags":[1],"url":"https://github.com/zxtres/cores/raw/1d419c97066b1cece4cfa753c565a5ba8aae3d84/jtcores/ZXTRES + (A100)/jtcommnd_zx3a100_20231104.bit"},"jtcommnd_a100t_20231104.zx3":{"kind":"a100t","type":"zx3","hash":"45a91f88df02c93d75cbd73e53e584e3","size":3067240,"tags":[1],"url":"https://github.com/zxtres/cores/raw/1d419c97066b1cece4cfa753c565a5ba8aae3d84/jtcores/ZXTRES + (A100)/jtcommnd_zx3a100_20231104.zx3"},"jtcommnd_a200t_20231105.bit":{"kind":"a200t","type":"bit","hash":"01e0ff4667f2d28c9881b36a1acef1f0","size":5163877,"tags":[1],"url":"https://github.com/zxtres/cores/raw/1d419c97066b1cece4cfa753c565a5ba8aae3d84/jtcores/ZXTRES ++ (A200)/jtcommnd_zx3a200_20231105.bit"},"jtcommnd_a200t_20231105.zx3":{"kind":"a200t","type":"zx3","hash":"22f9a2a2fdf9d9ee7f6c5c6e2fdf276c","size":5163748,"tags":[1],"url":"https://github.com/zxtres/cores/raw/1d419c97066b1cece4cfa753c565a5ba8aae3d84/jtcores/ZXTRES ++ (A200)/jtcommnd_zx3a200_20231105.zx3"},"jtcomsc_a100t_20231104.bit":{"kind":"a100t","type":"bit","hash":"7a26f5ffbad61f6a238c66f10aa66157","size":3028097,"tags":[1],"url":"https://github.com/zxtres/cores/raw/1d419c97066b1cece4cfa753c565a5ba8aae3d84/jtcores/ZXTRES + (A100)/jtcomsc_zx3a100_20231104.bit"},"jtcomsc_a100t_20231104.zx3":{"kind":"a100t","type":"zx3","hash":"0973c835d644b600d4b41b143a673484","size":3027968,"tags":[1],"url":"https://github.com/zxtres/cores/raw/1d419c97066b1cece4cfa753c565a5ba8aae3d84/jtcores/ZXTRES + (A100)/jtcomsc_zx3a100_20231104.zx3"},"jtcomsc_a200t_20231105.bit":{"kind":"a200t","type":"bit","hash":"2f50e9333a106da6dac213ad4d6dd205","size":5150481,"tags":[1],"url":"https://github.com/zxtres/cores/raw/1d419c97066b1cece4cfa753c565a5ba8aae3d84/jtcores/ZXTRES ++ (A200)/jtcomsc_zx3a200_20231105.bit"},"jtcomsc_a200t_20231105.zx3":{"kind":"a200t","type":"zx3","hash":"3d946e3c34d56e42c7ae4b3f5354643c","size":5150352,"tags":[1],"url":"https://github.com/zxtres/cores/raw/1d419c97066b1cece4cfa753c565a5ba8aae3d84/jtcores/ZXTRES ++ (A200)/jtcomsc_zx3a200_20231105.zx3"},"jtcontra_a100t_20231104.bit":{"kind":"a100t","type":"bit","hash":"e61f0195092aa083726104f4116eebed","size":3106661,"tags":[1],"url":"https://github.com/zxtres/cores/raw/1d419c97066b1cece4cfa753c565a5ba8aae3d84/jtcores/ZXTRES + (A100)/jtcontra_zx3a100_20231104.bit"},"jtcontra_a100t_20231104.zx3":{"kind":"a100t","type":"zx3","hash":"48d011296cd53002761f046298194edc","size":3106532,"tags":[1],"url":"https://github.com/zxtres/cores/raw/1d419c97066b1cece4cfa753c565a5ba8aae3d84/jtcores/ZXTRES + (A100)/jtcontra_zx3a100_20231104.zx3"},"jtcontra_a200t_20231105.bit":{"kind":"a200t","type":"bit","hash":"47f658e7aba98a968fa4805e7aacb773","size":5478973,"tags":[1],"url":"https://github.com/zxtres/cores/raw/1d419c97066b1cece4cfa753c565a5ba8aae3d84/jtcores/ZXTRES ++ (A200)/jtcontra_zx3a200_20231105.bit"},"jtcontra_a200t_20231105.zx3":{"kind":"a200t","type":"zx3","hash":"194d9af9ad84c307342dc1aa307dfeb4","size":5478844,"tags":[1],"url":"https://github.com/zxtres/cores/raw/1d419c97066b1cece4cfa753c565a5ba8aae3d84/jtcores/ZXTRES ++ (A200)/jtcontra_zx3a200_20231105.zx3"},"jtcop_a100t_20231104.bit":{"kind":"a100t","type":"bit","hash":"d79cc7b7bcb76963ffe174129f93e9e5","size":3096773,"tags":[1],"url":"https://github.com/zxtres/cores/raw/1d419c97066b1cece4cfa753c565a5ba8aae3d84/jtcores/ZXTRES + (A100)/jtcop_zx3a100_20231104.bit"},"jtcop_a100t_20231104.zx3":{"kind":"a100t","type":"zx3","hash":"071d7682482711004bf79817f7c8a516","size":3096644,"tags":[1],"url":"https://github.com/zxtres/cores/raw/1d419c97066b1cece4cfa753c565a5ba8aae3d84/jtcores/ZXTRES + (A100)/jtcop_zx3a100_20231104.zx3"},"jtcop_a200t_20231105.bit":{"kind":"a200t","type":"bit","hash":"d66740c80dea1dcbf6d2a46dad9f1a6d","size":5320381,"tags":[1],"url":"https://github.com/zxtres/cores/raw/1d419c97066b1cece4cfa753c565a5ba8aae3d84/jtcores/ZXTRES ++ (A200)/jtcop_zx3a200_20231105.bit"},"jtcop_a200t_20231105.zx3":{"kind":"a200t","type":"zx3","hash":"78536ea672e9dba777997fa8bdbd170c","size":5320252,"tags":[1],"url":"https://github.com/zxtres/cores/raw/1d419c97066b1cece4cfa753c565a5ba8aae3d84/jtcores/ZXTRES ++ (A200)/jtcop_zx3a200_20231105.zx3"},"jtcps15_a100t_20231104.bit":{"kind":"a100t","type":"bit","hash":"a9cd33e31c651c0856e0a73a393aa015","size":3027289,"tags":[1],"url":"https://github.com/zxtres/cores/raw/1d419c97066b1cece4cfa753c565a5ba8aae3d84/jtcores/ZXTRES + (A100)/jtcps15_zx3a100_20231104.bit"},"jtcps15_a100t_20231104.zx3":{"kind":"a100t","type":"zx3","hash":"fe1110c2fe1c73f170247f7b4f65213b","size":3027160,"tags":[1],"url":"https://github.com/zxtres/cores/raw/1d419c97066b1cece4cfa753c565a5ba8aae3d84/jtcores/ZXTRES + (A100)/jtcps15_zx3a100_20231104.zx3"},"jtcps15_a200t_20231105.bit":{"kind":"a200t","type":"bit","hash":"5cf08147befcd7eec7b4ae7990c2d621","size":5641965,"tags":[1],"url":"https://github.com/zxtres/cores/raw/1d419c97066b1cece4cfa753c565a5ba8aae3d84/jtcores/ZXTRES ++ (A200)/jtcps15_zx3a200_20231105.bit"},"jtcps15_a200t_20231105.zx3":{"kind":"a200t","type":"zx3","hash":"c9acb23fcfe6f6f22fd32d2868abde6d","size":5641836,"tags":[1],"url":"https://github.com/zxtres/cores/raw/1d419c97066b1cece4cfa753c565a5ba8aae3d84/jtcores/ZXTRES ++ (A200)/jtcps15_zx3a200_20231105.zx3"},"jtcps1_a100t_20231104.bit":{"kind":"a100t","type":"bit","hash":"3cd40dbfc5cf97de23f1146605ff9eac","size":3069801,"tags":[1],"url":"https://github.com/zxtres/cores/raw/1d419c97066b1cece4cfa753c565a5ba8aae3d84/jtcores/ZXTRES + (A100)/jtcps1_zx3a100_20231104.bit"},"jtcps1_a100t_20231104.zx3":{"kind":"a100t","type":"zx3","hash":"f5791d7ed180edfa79d610c7ca2ee13d","size":3069672,"tags":[1],"url":"https://github.com/zxtres/cores/raw/1d419c97066b1cece4cfa753c565a5ba8aae3d84/jtcores/ZXTRES + (A100)/jtcps1_zx3a100_20231104.zx3"},"jtcps1_a200t_20231105.bit":{"kind":"a200t","type":"bit","hash":"0944f7b1d4260d63557af3d25700b927","size":5601881,"tags":[1],"url":"https://github.com/zxtres/cores/raw/1d419c97066b1cece4cfa753c565a5ba8aae3d84/jtcores/ZXTRES ++ (A200)/jtcps1_zx3a200_20231105.bit"},"jtcps1_a200t_20231105.zx3":{"kind":"a200t","type":"zx3","hash":"7eeefb484af2ba06862e66c28ea1ceef","size":5601752,"tags":[1],"url":"https://github.com/zxtres/cores/raw/1d419c97066b1cece4cfa753c565a5ba8aae3d84/jtcores/ZXTRES ++ (A200)/jtcps1_zx3a200_20231105.zx3"},"jtcps2_a100t_20231104.bit":{"kind":"a100t","type":"bit","hash":"36dc0f4139011fbaf7c91eb9b7533a5a","size":3039169,"tags":[1],"url":"https://github.com/zxtres/cores/raw/1d419c97066b1cece4cfa753c565a5ba8aae3d84/jtcores/ZXTRES + (A100)/jtcps2_zx3a100_20231104.bit"},"jtcps2_a100t_20231104.zx3":{"kind":"a100t","type":"zx3","hash":"e6ef05dc6291b4ed688e780b46dd4665","size":3039040,"tags":[1],"url":"https://github.com/zxtres/cores/raw/1d419c97066b1cece4cfa753c565a5ba8aae3d84/jtcores/ZXTRES + (A100)/jtcps2_zx3a100_20231104.zx3"},"jtcps2_a200t_20231105.bit":{"kind":"a200t","type":"bit","hash":"c30378768c7956e957ad473ca4f15e44","size":5822553,"tags":[1],"url":"https://github.com/zxtres/cores/raw/1d419c97066b1cece4cfa753c565a5ba8aae3d84/jtcores/ZXTRES ++ (A200)/jtcps2_zx3a200_20231105.bit"},"jtcps2_a200t_20231105.zx3":{"kind":"a200t","type":"zx3","hash":"76ea9390c5137b535474c3147df08d20","size":5822424,"tags":[1],"url":"https://github.com/zxtres/cores/raw/1d419c97066b1cece4cfa753c565a5ba8aae3d84/jtcores/ZXTRES ++ (A200)/jtcps2_zx3a200_20231105.zx3"},"jtdd2_a100t_20231104.bit":{"kind":"a100t","type":"bit","hash":"46d302840dd9215bc2af3fe4ceaae0dd","size":3100929,"tags":[1],"url":"https://github.com/zxtres/cores/raw/1d419c97066b1cece4cfa753c565a5ba8aae3d84/jtcores/ZXTRES + (A100)/jtdd2_zx3a100_20231104.bit"},"jtdd2_a100t_20231104.zx3":{"kind":"a100t","type":"zx3","hash":"079c91b6158b249c3c02fc47ec93a0d2","size":3100800,"tags":[1],"url":"https://github.com/zxtres/cores/raw/1d419c97066b1cece4cfa753c565a5ba8aae3d84/jtcores/ZXTRES + (A100)/jtdd2_zx3a100_20231104.zx3"},"jtdd2_a200t_20231105.bit":{"kind":"a200t","type":"bit","hash":"5a0afc50dd335beccd76980e4196166b","size":5635757,"tags":[1],"url":"https://github.com/zxtres/cores/raw/1d419c97066b1cece4cfa753c565a5ba8aae3d84/jtcores/ZXTRES ++ (A200)/jtdd2_zx3a200_20231105.bit"},"jtdd2_a200t_20231105.zx3":{"kind":"a200t","type":"zx3","hash":"1041a70472efac5815bd754fa366d2fe","size":5635628,"tags":[1],"url":"https://github.com/zxtres/cores/raw/1d419c97066b1cece4cfa753c565a5ba8aae3d84/jtcores/ZXTRES ++ (A200)/jtdd2_zx3a200_20231105.zx3"},"jtdd2_a35t_20231022.bit":{"kind":"a35t","type":"bit","hash":"2d693a80e73f4afabfded1d745d97b5f","size":1656280,"tags":[1],"url":"https://github.com/zxtres/cores/raw/1d419c97066b1cece4cfa753c565a5ba8aae3d84/jtcores/ZXTRES (A35)/jtdd2_zx3a35_20231022.bit"},"jtdd2_a35t_20231023.zx3":{"kind":"a35t","type":"zx3","hash":"61fd679986be664662f938766053f949","size":1656152,"tags":[1],"url":"https://github.com/zxtres/cores/raw/1d419c97066b1cece4cfa753c565a5ba8aae3d84/jtcores/ZXTRES (A35)/jtdd2_zx3a35_20231023.zx3"},"jtdd_a100t_20231104.bit":{"kind":"a100t","type":"bit","hash":"da5fc8e6adc3890bba5745ff9634dc50","size":3040309,"tags":[1],"url":"https://github.com/zxtres/cores/raw/1d419c97066b1cece4cfa753c565a5ba8aae3d84/jtcores/ZXTRES + (A100)/jtdd_zx3a100_20231104.bit"},"jtdd_a100t_20231104.zx3":{"kind":"a100t","type":"zx3","hash":"6c51a29d7dc9432ee5c1b622d54bf188","size":3040180,"tags":[1],"url":"https://github.com/zxtres/cores/raw/1d419c97066b1cece4cfa753c565a5ba8aae3d84/jtcores/ZXTRES + (A100)/jtdd_zx3a100_20231104.zx3"},"jtdd_a200t_20231105.bit":{"kind":"a200t","type":"bit","hash":"c4c6b55f2f87f984b28c3214e6227323","size":4757141,"tags":[1],"url":"https://github.com/zxtres/cores/raw/1d419c97066b1cece4cfa753c565a5ba8aae3d84/jtcores/ZXTRES ++ (A200)/jtdd_zx3a200_20231105.bit"},"jtdd_a200t_20231105.zx3":{"kind":"a200t","type":"zx3","hash":"86b737370acaf5b406539cb7033e126f","size":4757012,"tags":[1],"url":"https://github.com/zxtres/cores/raw/1d419c97066b1cece4cfa753c565a5ba8aae3d84/jtcores/ZXTRES ++ (A200)/jtdd_zx3a200_20231105.zx3"},"jtdd_a35t_20231022.bit":{"kind":"a35t","type":"bit","hash":"409f043dedeb45860970a49da2634a5e","size":1606256,"tags":[1],"url":"https://github.com/zxtres/cores/raw/1d419c97066b1cece4cfa753c565a5ba8aae3d84/jtcores/ZXTRES (A35)/jtdd_zx3a35_20231022.bit"},"jtdd_a35t_20231022.zx3":{"kind":"a35t","type":"zx3","hash":"bb716766529ed29a43163b069500bcdc","size":1606128,"tags":[1],"url":"https://github.com/zxtres/cores/raw/1d419c97066b1cece4cfa753c565a5ba8aae3d84/jtcores/ZXTRES (A35)/jtdd_zx3a35_20231022.zx3"},"jtexed_a100t_20231104.bit":{"kind":"a100t","type":"bit","hash":"af177646432091de6881c0bbc9121e20","size":3046361,"tags":[1],"url":"https://github.com/zxtres/cores/raw/1d419c97066b1cece4cfa753c565a5ba8aae3d84/jtcores/ZXTRES + (A100)/jtexed_zx3a100_20231104.bit"},"jtexed_a100t_20231104.zx3":{"kind":"a100t","type":"zx3","hash":"eb092f84ec7da6108e4eacd24f918a65","size":3046232,"tags":[1],"url":"https://github.com/zxtres/cores/raw/1d419c97066b1cece4cfa753c565a5ba8aae3d84/jtcores/ZXTRES + (A100)/jtexed_zx3a100_20231104.zx3"},"jtexed_a200t_20231027.bit":{"kind":"a200t","type":"bit","hash":"ffcba6c770119ccfedccc97311947056","size":5372597,"tags":[1],"url":"https://github.com/zxtres/cores/raw/1d419c97066b1cece4cfa753c565a5ba8aae3d84/jtcores/ZXTRES ++ (A200)/jtexed_zx3a200_20231027.bit"},"jtexed_a200t_20231027.zx3":{"kind":"a200t","type":"zx3","hash":"9c6e44bcb2ced80be4b6bed2a0710a81","size":5373952,"tags":[1],"url":"https://github.com/zxtres/cores/raw/1d419c97066b1cece4cfa753c565a5ba8aae3d84/jtcores/ZXTRES ++ (A200)/jtexed_zx3a200_20231027.zx3"},"jtexed_a35t_20231029.bit":{"kind":"a35t","type":"bit","hash":"789359a887285fa9e97ff0c3b3a4b00c","size":1653356,"tags":[1],"url":"https://github.com/zxtres/cores/raw/1d419c97066b1cece4cfa753c565a5ba8aae3d84/jtcores/ZXTRES (A35)/jtexed_zx3a35_20231029.bit"},"jtexed_a35t_20231029.zx3":{"kind":"a35t","type":"zx3","hash":"5abd9bfcf1942a388604b67a85a55e1f","size":1653228,"tags":[1],"url":"https://github.com/zxtres/cores/raw/1d419c97066b1cece4cfa753c565a5ba8aae3d84/jtcores/ZXTRES (A35)/jtexed_zx3a35_20231029.zx3"},"jtf1drm_a100t_20231104.bit":{"kind":"a100t","type":"bit","hash":"4fb814790d6d7bef8b8dc9b0cc98827f","size":3063313,"tags":[1],"url":"https://github.com/zxtres/cores/raw/1d419c97066b1cece4cfa753c565a5ba8aae3d84/jtcores/ZXTRES + (A100)/jtf1drm_zx3a100_20231104.bit"},"jtf1drm_a100t_20231104.zx3":{"kind":"a100t","type":"zx3","hash":"1f34f3035bb9b9f2956020ade2ffad30","size":3063184,"tags":[1],"url":"https://github.com/zxtres/cores/raw/1d419c97066b1cece4cfa753c565a5ba8aae3d84/jtcores/ZXTRES + (A100)/jtf1drm_zx3a100_20231104.zx3"},"jtf1drm_a200t_20231105.bit":{"kind":"a200t","type":"bit","hash":"e6d0d36e79883852737ebfa5797d7b7d","size":5612557,"tags":[1],"url":"https://github.com/zxtres/cores/raw/1d419c97066b1cece4cfa753c565a5ba8aae3d84/jtcores/ZXTRES ++ (A200)/jtf1drm_zx3a200_20231105.bit"},"jtf1drm_a200t_20231105.zx3":{"kind":"a200t","type":"zx3","hash":"08ddf19aa1c689aa01374853d0047633","size":5612428,"tags":[1],"url":"https://github.com/zxtres/cores/raw/1d419c97066b1cece4cfa753c565a5ba8aae3d84/jtcores/ZXTRES ++ (A200)/jtf1drm_zx3a200_20231105.zx3"},"jtflane_a100t_20231104.bit":{"kind":"a100t","type":"bit","hash":"1e0ad7c4612424fbefe410156f81e393","size":3079289,"tags":[1],"url":"https://github.com/zxtres/cores/raw/1d419c97066b1cece4cfa753c565a5ba8aae3d84/jtcores/ZXTRES + (A100)/jtflane_zx3a100_20231104.bit"},"jtflane_a100t_20231104.zx3":{"kind":"a100t","type":"zx3","hash":"7c2875a6e47bf6ac82ab24bb82119694","size":3079160,"tags":[1],"url":"https://github.com/zxtres/cores/raw/1d419c97066b1cece4cfa753c565a5ba8aae3d84/jtcores/ZXTRES + (A100)/jtflane_zx3a100_20231104.zx3"},"jtflane_a200t_20231114.bit":{"kind":"a200t","type":"bit","hash":"573b697d83383736a6d9991ad3758425","size":5229025,"tags":[1],"url":"https://github.com/zxtres/cores/raw/a65a00e4230975d605c8dc297a10283af5ee791b/jtcores/ZXTRES++_A200/jtflane_zx3a200_20231114.bit"},"jtflane_a200t_20231114.zx3":{"kind":"a200t","type":"zx3","hash":"54628579e33c237ffacdc0ab3dd65660","size":5228896,"tags":[1],"url":"https://github.com/zxtres/cores/raw/a65a00e4230975d605c8dc297a10283af5ee791b/jtcores/ZXTRES++_A200/jtflane_zx3a200_20231114.zx3"},"jtflane_a35t_20231029.bit":{"kind":"a35t","type":"bit","hash":"abe632afdc9b2ece93b15eeb3ce72c9e","size":1706708,"tags":[1],"url":"https://github.com/zxtres/cores/raw/1d419c97066b1cece4cfa753c565a5ba8aae3d84/jtcores/ZXTRES (A35)/jtflane_zx3a35_20231029.bit"},"jtflane_a35t_20231029.zx3":{"kind":"a35t","type":"zx3","hash":"8d4e633dc6b3d6c9f1e849291be284a3","size":1706580,"tags":[1],"url":"https://github.com/zxtres/cores/raw/1d419c97066b1cece4cfa753c565a5ba8aae3d84/jtcores/ZXTRES (A35)/jtflane_zx3a35_20231029.zx3"},"jtgng_a100t_20231104.bit":{"kind":"a100t","type":"bit","hash":"8533888bf14fa690631409063183bfdf","size":3030793,"tags":[1],"url":"https://github.com/zxtres/cores/raw/a65a00e4230975d605c8dc297a10283af5ee791b/jtcores/ZXTRES+_A100/jtgng_zx3a100_20231104.bit"},"jtgng_a100t_20231022.zx3":{"kind":"a100t","type":"zx3","hash":"386086498c9d91a32c98b3d9e6ce4ac0","size":3080152,"tags":[1],"url":"https://github.com/zxtres/cores/raw/1d419c97066b1cece4cfa753c565a5ba8aae3d84/jtcores/ZXTRES + (A100)/jtgng_zx3a100_20231022.zx3"},"jtgng_a200t_20231105.bit":{"kind":"a200t","type":"bit","hash":"e8e86c48cdcd93d10fb1e5433f50d8ca","size":5138377,"tags":[1],"url":"https://github.com/zxtres/cores/raw/1d419c97066b1cece4cfa753c565a5ba8aae3d84/jtcores/ZXTRES ++ (A200)/jtgng_zx3a200_20231105.bit"},"jtgng_a200t_20231105.zx3":{"kind":"a200t","type":"zx3","hash":"9bcb9b6d96f0cff004e1bb84e48e1c8c","size":5138248,"tags":[1],"url":"https://github.com/zxtres/cores/raw/1d419c97066b1cece4cfa753c565a5ba8aae3d84/jtcores/ZXTRES ++ (A200)/jtgng_zx3a200_20231105.zx3"},"jtgng_a35t_20231022.bit":{"kind":"a35t","type":"bit","hash":"0d71a7c4d2864ee43c3a0ddb3e6deec1","size":1652504,"tags":[1],"url":"https://github.com/zxtres/cores/raw/1d419c97066b1cece4cfa753c565a5ba8aae3d84/jtcores/ZXTRES (A35)/jtgng_zx3a35_20231022.bit"},"jtgng_a35t_20231022.zx3":{"kind":"a35t","type":"zx3","hash":"d4e81f55a92f2e36343e8a88b39f4488","size":1652376,"tags":[1],"url":"https://github.com/zxtres/cores/raw/1d419c97066b1cece4cfa753c565a5ba8aae3d84/jtcores/ZXTRES (A35)/jtgng_zx3a35_20231022.zx3"},"jtgunsmk_a100t_20231104.bit":{"kind":"a100t","type":"bit","hash":"08413370035ceb2bcdbc9020a3af39ef","size":3052053,"tags":[1],"url":"https://github.com/zxtres/cores/raw/1d419c97066b1cece4cfa753c565a5ba8aae3d84/jtcores/ZXTRES + (A100)/jtgunsmk_zx3a100_20231104.bit"},"jtgunsmk_a100t_20231104.zx3":{"kind":"a100t","type":"zx3","hash":"487d3c539ea755887d702c762a883c06","size":3051924,"tags":[1],"url":"https://github.com/zxtres/cores/raw/1d419c97066b1cece4cfa753c565a5ba8aae3d84/jtcores/ZXTRES + (A100)/jtgunsmk_zx3a100_20231104.zx3"},"jtgunsmk_a200t_20231105.bit":{"kind":"a200t","type":"bit","hash":"dea879c51970c4b12bb36f9f563fb1a7","size":5545953,"tags":[1],"url":"https://github.com/zxtres/cores/raw/1d419c97066b1cece4cfa753c565a5ba8aae3d84/jtcores/ZXTRES ++ (A200)/jtgunsmk_zx3a200_20231105.bit"},"jtgunsmk_a200t_20231105.zx3":{"kind":"a200t","type":"zx3","hash":"3c99f9fdc478d4c3be90ebc7363c2867","size":5545824,"tags":[1],"url":"https://github.com/zxtres/cores/raw/1d419c97066b1cece4cfa753c565a5ba8aae3d84/jtcores/ZXTRES ++ (A200)/jtgunsmk_zx3a200_20231105.zx3"},"jtgunsmk_a35t_20231022.bit":{"kind":"a35t","type":"bit","hash":"3a26e1a25b2355f0da70e313003864dd","size":1656376,"tags":[1],"url":"https://github.com/zxtres/cores/raw/1d419c97066b1cece4cfa753c565a5ba8aae3d84/jtcores/ZXTRES (A35)/jtgunsmk_zx3a35_20231022.bit"},"jtgunsmk_a35t_20231022.zx3":{"kind":"a35t","type":"zx3","hash":"5c4d8597b2c5589d9aa5607f4345aeae","size":1656248,"tags":[1],"url":"https://github.com/zxtres/cores/raw/1d419c97066b1cece4cfa753c565a5ba8aae3d84/jtcores/ZXTRES (A35)/jtgunsmk_zx3a35_20231022.zx3"},"jthige_a100t_20231104.bit":{"kind":"a100t","type":"bit","hash":"7a8684eac175e411bf8d773467924345","size":3017353,"tags":[1],"url":"https://github.com/zxtres/cores/raw/1d419c97066b1cece4cfa753c565a5ba8aae3d84/jtcores/ZXTRES + (A100)/jthige_zx3a100_20231104.bit"},"jthige_a100t_20231104.zx3":{"kind":"a100t","type":"zx3","hash":"c602217e78b0a7563913f51e55b852ce","size":3017224,"tags":[1],"url":"https://github.com/zxtres/cores/raw/1d419c97066b1cece4cfa753c565a5ba8aae3d84/jtcores/ZXTRES + (A100)/jthige_zx3a100_20231104.zx3"},"jthige_a200t_20231105.bit":{"kind":"a200t","type":"bit","hash":"f752465ce678e964f3f9493e49f4290a","size":5318537,"tags":[1],"url":"https://github.com/zxtres/cores/raw/1d419c97066b1cece4cfa753c565a5ba8aae3d84/jtcores/ZXTRES ++ (A200)/jthige_zx3a200_20231105.bit"},"jthige_a200t_20231105.zx3":{"kind":"a200t","type":"zx3","hash":"1727a02a362e74e0a8ffb90fcc8cc43e","size":5318408,"tags":[1],"url":"https://github.com/zxtres/cores/raw/1d419c97066b1cece4cfa753c565a5ba8aae3d84/jtcores/ZXTRES ++ (A200)/jthige_zx3a200_20231105.zx3"},"jthige_a35t_20231029.bit":{"kind":"a35t","type":"bit","hash":"df53010184e3018870f75be450448540","size":1655132,"tags":[1],"url":"https://github.com/zxtres/cores/raw/1d419c97066b1cece4cfa753c565a5ba8aae3d84/jtcores/ZXTRES (A35)/jthige_zx3a35_20231029.bit"},"jthige_a35t_20231029.zx3":{"kind":"a35t","type":"zx3","hash":"7062fca43ae9a975ad12926e1c8ae7af","size":1655004,"tags":[1],"url":"https://github.com/zxtres/cores/raw/1d419c97066b1cece4cfa753c565a5ba8aae3d84/jtcores/ZXTRES (A35)/jthige_zx3a35_20231029.zx3"},"jtkchamp_a100t_20231104.bit":{"kind":"a100t","type":"bit","hash":"dae10780ed17f22857cf2e8f74301958","size":2973297,"tags":[1],"url":"https://github.com/zxtres/cores/raw/1d419c97066b1cece4cfa753c565a5ba8aae3d84/jtcores/ZXTRES + (A100)/jtkchamp_zx3a100_20231104.bit"},"jtkchamp_a100t_20231104.zx3":{"kind":"a100t","type":"zx3","hash":"a872b72629fcf17fdf8e75f7030a524f","size":2973168,"tags":[1],"url":"https://github.com/zxtres/cores/raw/1d419c97066b1cece4cfa753c565a5ba8aae3d84/jtcores/ZXTRES + (A100)/jtkchamp_zx3a100_20231104.zx3"},"jtkchamp_flip_a200t_20231105.bit":{"kind":"a200t","type":"bit","hash":"638f405272d960b1ece9ae692531eaa6","size":5428933,"tags":[1],"url":"https://github.com/zxtres/cores/raw/1d419c97066b1cece4cfa753c565a5ba8aae3d84/jtcores/ZXTRES ++ (A200)/jtkchamp_flip_zx3a200_20231105.bit"},"jtkchamp_flip_a200t_20231105.zx3":{"kind":"a200t","type":"zx3","hash":"5405ba6f45655fd9449c2937b8b483e9","size":5428804,"tags":[1],"url":"https://github.com/zxtres/cores/raw/1d419c97066b1cece4cfa753c565a5ba8aae3d84/jtcores/ZXTRES ++ (A200)/jtkchamp_flip_zx3a200_20231105.zx3"},"jtkicker_a100t_20231104.bit":{"kind":"a100t","type":"bit","hash":"cd4e6e8f8569b952b67db5a185c8b063","size":3049869,"tags":[1],"url":"https://github.com/zxtres/cores/raw/1d419c97066b1cece4cfa753c565a5ba8aae3d84/jtcores/ZXTRES + (A100)/jtkicker_zx3a100_20231104.bit"},"jtkicker_a100t_20231104.zx3":{"kind":"a100t","type":"zx3","hash":"32ce7e7f877bcde77940387a48054c1c","size":3049740,"tags":[1],"url":"https://github.com/zxtres/cores/raw/1d419c97066b1cece4cfa753c565a5ba8aae3d84/jtcores/ZXTRES + (A100)/jtkicker_zx3a100_20231104.zx3"},"jtkicker_a35t_20231026.bit":{"kind":"a35t","type":"bit","hash":"b69926d60df9c6f642aaa616662929b0","size":1658364,"tags":[1],"url":"https://github.com/zxtres/cores/raw/1d419c97066b1cece4cfa753c565a5ba8aae3d84/jtcores/ZXTRES (A35)/jtkicker_zx3a35_20231026.bit"},"jtkicker_a35t_20231027.zx3":{"kind":"a35t","type":"zx3","hash":"e440b98141c1ddb5aa3579630e8d4dea","size":1658236,"tags":[1],"url":"https://github.com/zxtres/cores/raw/1d419c97066b1cece4cfa753c565a5ba8aae3d84/jtcores/ZXTRES (A35)/jtkicker_zx3a35_20231027.zx3"},"jtkicker_flip_a200t_20231105.bit":{"kind":"a200t","type":"bit","hash":"bcc283dcdc4948bc6a2a6982728040e2","size":5147973,"tags":[1],"url":"https://github.com/zxtres/cores/raw/1d419c97066b1cece4cfa753c565a5ba8aae3d84/jtcores/ZXTRES ++ (A200)/jtkicker_flip_zx3a200_20231105.bit"},"jtkicker_flip_a200t_20231105.zx3":{"kind":"a200t","type":"zx3","hash":"2d191dd52211d5b71111a0086cebdef4","size":5147844,"tags":[1],"url":"https://github.com/zxtres/cores/raw/1d419c97066b1cece4cfa753c565a5ba8aae3d84/jtcores/ZXTRES ++ (A200)/jtkicker_flip_zx3a200_20231105.zx3"},"jtkiwi_a100t_20231104.bit":{"kind":"a100t","type":"bit","hash":"ae1d9db7f650f9bfdade7bfa88aee8a9","size":2988953,"tags":[1],"url":"https://github.com/zxtres/cores/raw/1d419c97066b1cece4cfa753c565a5ba8aae3d84/jtcores/ZXTRES + (A100)/jtkiwi_zx3a100_20231104.bit"},"jtkiwi_a100t_20231104.zx3":{"kind":"a100t","type":"zx3","hash":"2a782aa4b75f4d23fd8e252982bcce09","size":2988824,"tags":[1],"url":"https://github.com/zxtres/cores/raw/1d419c97066b1cece4cfa753c565a5ba8aae3d84/jtcores/ZXTRES + (A100)/jtkiwi_zx3a100_20231104.zx3"},"jtkiwi_a200t_20231105.bit":{"kind":"a200t","type":"bit","hash":"b2bc4bd60345dbbe6dd2a705e4d3a14d","size":5402501,"tags":[1],"url":"https://github.com/zxtres/cores/raw/1d419c97066b1cece4cfa753c565a5ba8aae3d84/jtcores/ZXTRES ++ (A200)/jtkiwi_zx3a200_20231105.bit"},"jtkiwi_a200t_20231105.zx3":{"kind":"a200t","type":"zx3","hash":"148a74f1ccc2c427a919f0ddde05655f","size":5402372,"tags":[1],"url":"https://github.com/zxtres/cores/raw/1d419c97066b1cece4cfa753c565a5ba8aae3d84/jtcores/ZXTRES ++ (A200)/jtkiwi_zx3a200_20231105.zx3"},"jtkiwi_flip_a100t_20231105.bit":{"kind":"a100t","type":"bit","hash":"705dbf52273527de446373c1fbe5a100","size":2971849,"tags":[1],"url":"https://github.com/zxtres/cores/raw/1d419c97066b1cece4cfa753c565a5ba8aae3d84/jtcores/ZXTRES + (A100)/jtkiwi_flip_zx3a100_20231105.bit"},"jtkiwi_flip_a100t_20231105.zx3":{"kind":"a100t","type":"zx3","hash":"752188c3e1a2043f0a93a59f8bff4632","size":2971720,"tags":[1],"url":"https://github.com/zxtres/cores/raw/1d419c97066b1cece4cfa753c565a5ba8aae3d84/jtcores/ZXTRES + (A100)/jtkiwi_flip_zx3a100_20231105.zx3"},"jtkiwi_flip_a200t_20231105.bit":{"kind":"a200t","type":"bit","hash":"d323aaacaecf9c35eba50d050212aa82","size":5524973,"tags":[1],"url":"https://github.com/zxtres/cores/raw/1d419c97066b1cece4cfa753c565a5ba8aae3d84/jtcores/ZXTRES ++ (A200)/jtkiwi_flip_zx3a200_20231105.bit"},"jtkiwi_flip_a200t_20231105.zx3":{"kind":"a200t","type":"zx3","hash":"3c852e0ff4b176f6dc9c3846c3adee16","size":5524844,"tags":[1],"url":"https://github.com/zxtres/cores/raw/1d419c97066b1cece4cfa753c565a5ba8aae3d84/jtcores/ZXTRES ++ (A200)/jtkiwi_flip_zx3a200_20231105.zx3"},"jtksectnz_a35t_20231029.bit":{"kind":"a35t","type":"bit","hash":"b433ef1de444c3b477c94ff2a32291bf","size":1698396,"tags":[1],"url":"https://github.com/zxtres/cores/raw/1d419c97066b1cece4cfa753c565a5ba8aae3d84/jtcores/ZXTRES (A35)/jtksectnz_zx3a35_20231029.bit"},"jtkunio_a100t_20231104.bit":{"kind":"a100t","type":"bit","hash":"7986cfc5d7647bdbd32cdd63e33e071f","size":3060609,"tags":[1],"url":"https://github.com/zxtres/cores/raw/1d419c97066b1cece4cfa753c565a5ba8aae3d84/jtcores/ZXTRES + (A100)/jtkunio_zx3a100_20231104.bit"},"jtkunio_a100t_20231104.zx3":{"kind":"a100t","type":"zx3","hash":"0ae9c02905253b39e49c4b70d0944e89","size":3060480,"tags":[1],"url":"https://github.com/zxtres/cores/raw/1d419c97066b1cece4cfa753c565a5ba8aae3d84/jtcores/ZXTRES + (A100)/jtkunio_zx3a100_20231104.zx3"},"jtkunio_a200t_20231105.bit":{"kind":"a200t","type":"bit","hash":"443de3d9c60df13c14ca25b7ae1ccc66","size":5140293,"tags":[1],"url":"https://github.com/zxtres/cores/raw/1d419c97066b1cece4cfa753c565a5ba8aae3d84/jtcores/ZXTRES ++ (A200)/jtkunio_zx3a200_20231105.bit"},"jtkunio_a200t_20231105.zx3":{"kind":"a200t","type":"zx3","hash":"ed77d4abe82fdf94c085c01340f33ece","size":5140164,"tags":[1],"url":"https://github.com/zxtres/cores/raw/1d419c97066b1cece4cfa753c565a5ba8aae3d84/jtcores/ZXTRES ++ (A200)/jtkunio_zx3a200_20231105.zx3"},"jtkunio_a35t_20231026.bit":{"kind":"a35t","type":"bit","hash":"2911ff9d893d0961846b4fa21f92f5da","size":1658688,"tags":[1],"url":"https://github.com/zxtres/cores/raw/1d419c97066b1cece4cfa753c565a5ba8aae3d84/jtcores/ZXTRES (A35)/jtkunio_zx3a35_20231026.bit"},"jtkunio_a35t_20231027.zx3":{"kind":"a35t","type":"zx3","hash":"6a9ef272faa693194499cb6eac778fea","size":1658560,"tags":[1],"url":"https://github.com/zxtres/cores/raw/1d419c97066b1cece4cfa753c565a5ba8aae3d84/jtcores/ZXTRES (A35)/jtkunio_zx3a35_20231027.zx3"},"jtlabrun_a100t_20231104.bit":{"kind":"a100t","type":"bit","hash":"336e39e8a7d7773adf66cf9d927e93f0","size":3070425,"tags":[1],"url":"https://github.com/zxtres/cores/raw/1d419c97066b1cece4cfa753c565a5ba8aae3d84/jtcores/ZXTRES + (A100)/jtlabrun_zx3a100_20231104.bit"},"jtlabrun_a100t_20231104.zx3":{"kind":"a100t","type":"zx3","hash":"dd5eb8df4f5c540dfba0b386783667ac","size":3070296,"tags":[1],"url":"https://github.com/zxtres/cores/raw/1d419c97066b1cece4cfa753c565a5ba8aae3d84/jtcores/ZXTRES + (A100)/jtlabrun_zx3a100_20231104.zx3"},"jtlabrun_a35t_20231026.bit":{"kind":"a35t","type":"bit","hash":"f90d206b7f3b866de98c9cea1758afa3","size":1662648,"tags":[1],"url":"https://github.com/zxtres/cores/raw/1d419c97066b1cece4cfa753c565a5ba8aae3d84/jtcores/ZXTRES (A35)/jtlabrun_zx3a35_20231026.bit"},"jtlabrun_a35t_20231027.zx3":{"kind":"a35t","type":"zx3","hash":"558bff8d85c093d2335732af73ffab31","size":1662520,"tags":[1],"url":"https://github.com/zxtres/cores/raw/1d419c97066b1cece4cfa753c565a5ba8aae3d84/jtcores/ZXTRES (A35)/jtlabrun_zx3a35_20231027.zx3"},"jtlabrun_flip_a200t_20231105.bit":{"kind":"a200t","type":"bit","hash":"56143056cbb09a3cbb5c9a0749ae2054","size":5323065,"tags":[1],"url":"https://github.com/zxtres/cores/raw/1d419c97066b1cece4cfa753c565a5ba8aae3d84/jtcores/ZXTRES ++ (A200)/jtlabrun_flip_zx3a200_20231105.bit"},"jtlabrun_flip_a200t_20231105.zx3":{"kind":"a200t","type":"zx3","hash":"d687b0603fc51db11dbdb2aa24b53263","size":5322936,"tags":[1],"url":"https://github.com/zxtres/cores/raw/1d419c97066b1cece4cfa753c565a5ba8aae3d84/jtcores/ZXTRES ++ (A200)/jtlabrun_flip_zx3a200_20231105.zx3"},"jtmidres_a100t_20231104.bit":{"kind":"a100t","type":"bit","hash":"3e61dc69f987d12e701d80a32fcbdd56","size":3104045,"tags":[1],"url":"https://github.com/zxtres/cores/raw/1d419c97066b1cece4cfa753c565a5ba8aae3d84/jtcores/ZXTRES + (A100)/jtmidres_zx3a100_20231104.bit"},"jtmidres_a100t_20231104.zx3":{"kind":"a100t","type":"zx3","hash":"112bdc05a7ec91ac0c74666db7b34b28","size":3103916,"tags":[1],"url":"https://github.com/zxtres/cores/raw/1d419c97066b1cece4cfa753c565a5ba8aae3d84/jtcores/ZXTRES + (A100)/jtmidres_zx3a100_20231104.zx3"},"jtmidres_a200t_20231105.bit":{"kind":"a200t","type":"bit","hash":"f790f8155788ad974d5a98095e373055","size":5367601,"tags":[1],"url":"https://github.com/zxtres/cores/raw/1d419c97066b1cece4cfa753c565a5ba8aae3d84/jtcores/ZXTRES ++ (A200)/jtmidres_zx3a200_20231105.bit"},"jtmidres_a200t_20231105.zx3":{"kind":"a200t","type":"zx3","hash":"006b03204af467365de4a99517671a68","size":5367472,"tags":[1],"url":"https://github.com/zxtres/cores/raw/1d419c97066b1cece4cfa753c565a5ba8aae3d84/jtcores/ZXTRES ++ (A200)/jtmidres_zx3a200_20231105.zx3"},"jtmikie_a100t_20231104.bit":{"kind":"a100t","type":"bit","hash":"69908660c42a7dc3a54bed23152dc256","size":3050101,"tags":[1],"url":"https://github.com/zxtres/cores/raw/1d419c97066b1cece4cfa753c565a5ba8aae3d84/jtcores/ZXTRES + (A100)/jtmikie_zx3a100_20231104.bit"},"jtmikie_a100t_20231104.zx3":{"kind":"a100t","type":"zx3","hash":"3c1c13c8bb44ffc385316b90fa287d90","size":3049972,"tags":[1],"url":"https://github.com/zxtres/cores/raw/1d419c97066b1cece4cfa753c565a5ba8aae3d84/jtcores/ZXTRES + (A100)/jtmikie_zx3a100_20231104.zx3"},"jtmikie_a200t_20231105.bit":{"kind":"a200t","type":"bit","hash":"8e5ed1ce7bcc3f895e3561e9ee061222","size":5278693,"tags":[1],"url":"https://github.com/zxtres/cores/raw/1d419c97066b1cece4cfa753c565a5ba8aae3d84/jtcores/ZXTRES ++ (A200)/jtmikie_zx3a200_20231105.bit"},"jtmikie_a200t_20231105.zx3":{"kind":"a200t","type":"zx3","hash":"0a0fbc23ddf1311fb3c52321eeee11ab","size":5278564,"tags":[1],"url":"https://github.com/zxtres/cores/raw/1d419c97066b1cece4cfa753c565a5ba8aae3d84/jtcores/ZXTRES ++ (A200)/jtmikie_zx3a200_20231105.zx3"},"jtmikie_a35t_20231023.bit":{"kind":"a35t","type":"bit","hash":"e44b65fbcf4ddab7ccf3bfbf5b0f6800","size":1661076,"tags":[1],"url":"https://github.com/zxtres/cores/raw/1d419c97066b1cece4cfa753c565a5ba8aae3d84/jtcores/ZXTRES (A35)/jtmikie_zx3a35_20231023.bit"},"jtmikie_a35t_20231023.zx3":{"kind":"a35t","type":"zx3","hash":"cad68a602b1028298dbc6cd9d98b9637","size":1660948,"tags":[1],"url":"https://github.com/zxtres/cores/raw/1d419c97066b1cece4cfa753c565a5ba8aae3d84/jtcores/ZXTRES (A35)/jtmikie_zx3a35_20231023.zx3"},"jtmx5k_a100t_20231104.bit":{"kind":"a100t","type":"bit","hash":"bd449f97f7e2f1a6372cbdc2d121aba9","size":3021289,"tags":[1],"url":"https://github.com/zxtres/cores/raw/1d419c97066b1cece4cfa753c565a5ba8aae3d84/jtcores/ZXTRES + (A100)/jtmx5k_zx3a100_20231104.bit"},"jtmx5k_a100t_20231104.zx3":{"kind":"a100t","type":"zx3","hash":"db1992444c30fd8b71ed66c074eabee9","size":3021160,"tags":[1],"url":"https://github.com/zxtres/cores/raw/1d419c97066b1cece4cfa753c565a5ba8aae3d84/jtcores/ZXTRES + (A100)/jtmx5k_zx3a100_20231104.zx3"},"jtmx5k_a35t_20231026.bit":{"kind":"a35t","type":"bit","hash":"5bfb7077cb0658b53dfff3170e2228d6","size":1661660,"tags":[1],"url":"https://github.com/zxtres/cores/raw/1d419c97066b1cece4cfa753c565a5ba8aae3d84/jtcores/ZXTRES (A35)/jtmx5k_zx3a35_20231026.bit"},"jtmx5k_a35t_20231026.zx3":{"kind":"a35t","type":"zx3","hash":"2dea1b7d00a714176acd58d9c6e3cbfb","size":1661532,"tags":[1],"url":"https://github.com/zxtres/cores/raw/1d419c97066b1cece4cfa753c565a5ba8aae3d84/jtcores/ZXTRES (A35)/jtmx5k_zx3a35_20231026.zx3"},"jtmx5k_flip_a200t_20231105.bit":{"kind":"a200t","type":"bit","hash":"8512994574654009e68cddef3461434b","size":5615241,"tags":[1],"url":"https://github.com/zxtres/cores/raw/1d419c97066b1cece4cfa753c565a5ba8aae3d84/jtcores/ZXTRES ++ (A200)/jtmx5k_flip_zx3a200_20231105.bit"},"jtmx5k_flip_a200t_20231105.zx3":{"kind":"a200t","type":"zx3","hash":"5b23dbd6b923c0d9a41130b5e6965710","size":5615112,"tags":[1],"url":"https://github.com/zxtres/cores/raw/1d419c97066b1cece4cfa753c565a5ba8aae3d84/jtcores/ZXTRES ++ (A200)/jtmx5k_flip_zx3a200_20231105.zx3"},"jtninja_a100t_20231104.bit":{"kind":"a100t","type":"bit","hash":"a6508ba40c5f29bae9a4bf39c454341a","size":3079813,"tags":[1],"url":"https://github.com/zxtres/cores/raw/1d419c97066b1cece4cfa753c565a5ba8aae3d84/jtcores/ZXTRES + (A100)/jtninja_zx3a100_20231104.bit"},"jtninja_a100t_20231104.zx3":{"kind":"a100t","type":"zx3","hash":"b0619d3110d5e9ff2f86121870a1dd31","size":3079684,"tags":[1],"url":"https://github.com/zxtres/cores/raw/1d419c97066b1cece4cfa753c565a5ba8aae3d84/jtcores/ZXTRES + (A100)/jtninja_zx3a100_20231104.zx3"},"jtninja_a200t_20231105.bit":{"kind":"a200t","type":"bit","hash":"7f4b75ad712f3ebf31e8a91c4d6a4779","size":5423149,"tags":[1],"url":"https://github.com/zxtres/cores/raw/1d419c97066b1cece4cfa753c565a5ba8aae3d84/jtcores/ZXTRES ++ (A200)/jtninja_zx3a200_20231105.bit"},"jtninja_a200t_20231105.zx3":{"kind":"a200t","type":"zx3","hash":"50da94a98a9a29141a6b3f080e2a5b05","size":5423020,"tags":[1],"url":"https://github.com/zxtres/cores/raw/1d419c97066b1cece4cfa753c565a5ba8aae3d84/jtcores/ZXTRES ++ (A200)/jtninja_zx3a200_20231105.zx3"},"jtoutrun_a100t_20231104.bit":{"kind":"a100t","type":"bit","hash":"df529e48d64dd6b8a75af10427b6b8b4","size":3136917,"tags":[1],"url":"https://github.com/zxtres/cores/raw/1d419c97066b1cece4cfa753c565a5ba8aae3d84/jtcores/ZXTRES + (A100)/jtoutrun_zx3a100_20231104.bit"},"jtoutrun_a100t_20231104.zx3":{"kind":"a100t","type":"zx3","hash":"3b4faadd26d3e60e983eb140dcfafeb3","size":3136788,"tags":[1],"url":"https://github.com/zxtres/cores/raw/1d419c97066b1cece4cfa753c565a5ba8aae3d84/jtcores/ZXTRES + (A100)/jtoutrun_zx3a100_20231104.zx3"},"jtoutrun_a200t_20231105.bit":{"kind":"a200t","type":"bit","hash":"65e662a3b57f3eaeb9f27c4abee9ce9f","size":5816973,"tags":[1],"url":"https://github.com/zxtres/cores/raw/1d419c97066b1cece4cfa753c565a5ba8aae3d84/jtcores/ZXTRES ++ (A200)/jtoutrun_zx3a200_20231105.bit"},"jtoutrun_a200t_20231105.zx3":{"kind":"a200t","type":"zx3","hash":"b4f198acb819bd3828827586f794f85e","size":5816844,"tags":[1],"url":"https://github.com/zxtres/cores/raw/1d419c97066b1cece4cfa753c565a5ba8aae3d84/jtcores/ZXTRES ++ (A200)/jtoutrun_zx3a200_20231105.zx3"},"jtpang_a100t_20231104.bit":{"kind":"a100t","type":"bit","hash":"1bfdfd8a575ccbbc2ef9958c42f970cb","size":3075777,"tags":[1],"url":"https://github.com/zxtres/cores/raw/1d419c97066b1cece4cfa753c565a5ba8aae3d84/jtcores/ZXTRES + (A100)/jtpang_zx3a100_20231104.bit"},"jtpang_a100t_20231104.zx3":{"kind":"a100t","type":"zx3","hash":"63cf62825301ecd957cb3d02642d6b97","size":3075648,"tags":[1],"url":"https://github.com/zxtres/cores/raw/1d419c97066b1cece4cfa753c565a5ba8aae3d84/jtcores/ZXTRES + (A100)/jtpang_zx3a100_20231104.zx3"},"jtpang_a200t_20231105.bit":{"kind":"a200t","type":"bit","hash":"039a77d307be3a8b446f56708bc1a397","size":5388005,"tags":[1],"url":"https://github.com/zxtres/cores/raw/1d419c97066b1cece4cfa753c565a5ba8aae3d84/jtcores/ZXTRES ++ (A200)/jtpang_zx3a200_20231105.bit"},"jtpang_a200t_20231105.zx3":{"kind":"a200t","type":"zx3","hash":"e490c9a855bae2aac687fa3b2757dbbb","size":5387876,"tags":[1],"url":"https://github.com/zxtres/cores/raw/1d419c97066b1cece4cfa753c565a5ba8aae3d84/jtcores/ZXTRES ++ (A200)/jtpang_zx3a200_20231105.zx3"},"jtpang_a35t_20231022.bit":{"kind":"a35t","type":"bit","hash":"0987ffa9409b3afa9c19c8be4c128c45","size":1696136,"tags":[1],"url":"https://github.com/zxtres/cores/raw/1d419c97066b1cece4cfa753c565a5ba8aae3d84/jtcores/ZXTRES (A35)/jtpang_zx3a35_20231022.bit"},"jtpang_a35t_20231022.zx3":{"kind":"a35t","type":"zx3","hash":"74219d630cb18470e4e13374f27b07f7","size":1696008,"tags":[1],"url":"https://github.com/zxtres/cores/raw/1d419c97066b1cece4cfa753c565a5ba8aae3d84/jtcores/ZXTRES (A35)/jtpang_zx3a35_20231022.zx3"},"jtpinpon_a100t_20231104.bit":{"kind":"a100t","type":"bit","hash":"60ea974efc8424b18b1ba8f2a082e114","size":2969053,"tags":[1],"url":"https://github.com/zxtres/cores/raw/1d419c97066b1cece4cfa753c565a5ba8aae3d84/jtcores/ZXTRES + (A100)/jtpinpon_zx3a100_20231104.bit"},"jtpinpon_a100t_20231104.zx3":{"kind":"a100t","type":"zx3","hash":"3bceb433205eac0d34b4a4b8ff7da52e","size":2968924,"tags":[1],"url":"https://github.com/zxtres/cores/raw/1d419c97066b1cece4cfa753c565a5ba8aae3d84/jtcores/ZXTRES + (A100)/jtpinpon_zx3a100_20231104.zx3"},"jtpinpon_a200t_20231105.bit":{"kind":"a200t","type":"bit","hash":"74454d54886159046969655389f757b4","size":5137333,"tags":[1],"url":"https://github.com/zxtres/cores/raw/1d419c97066b1cece4cfa753c565a5ba8aae3d84/jtcores/ZXTRES ++ (A200)/jtpinpon_zx3a200_20231105.bit"},"jtpinpon_a200t_20231105.zx3":{"kind":"a200t","type":"zx3","hash":"ddccc7515de7bbed7e4f52d3649766e3","size":5137204,"tags":[1],"url":"https://github.com/zxtres/cores/raw/1d419c97066b1cece4cfa753c565a5ba8aae3d84/jtcores/ZXTRES ++ (A200)/jtpinpon_zx3a200_20231105.zx3"},"jtrastan_a100t_20231104.bit":{"kind":"a100t","type":"bit","hash":"a2048250f97607d6f76da30edfac90b9","size":3019669,"tags":[1],"url":"https://github.com/zxtres/cores/raw/1d419c97066b1cece4cfa753c565a5ba8aae3d84/jtcores/ZXTRES + (A100)/jtrastan_zx3a100_20231104.bit"},"jtrastan_a100t_20231104.zx3":{"kind":"a100t","type":"zx3","hash":"dc1c10122ec7b94d03806922af08e662","size":3019540,"tags":[1],"url":"https://github.com/zxtres/cores/raw/1d419c97066b1cece4cfa753c565a5ba8aae3d84/jtcores/ZXTRES + (A100)/jtrastan_zx3a100_20231104.zx3"},"jtrastan_a200t_20231105.bit":{"kind":"a200t","type":"bit","hash":"5c0c2b580bc6778861b2ca9fa0b39de7","size":5557029,"tags":[1],"url":"https://github.com/zxtres/cores/raw/1d419c97066b1cece4cfa753c565a5ba8aae3d84/jtcores/ZXTRES ++ (A200)/jtrastan_zx3a200_20231105.bit"},"jtrastan_a200t_20231105.zx3":{"kind":"a200t","type":"zx3","hash":"0eccbb02fedaf8fcfe084f8bcc4b8052","size":5556900,"tags":[1],"url":"https://github.com/zxtres/cores/raw/1d419c97066b1cece4cfa753c565a5ba8aae3d84/jtcores/ZXTRES ++ (A200)/jtrastan_zx3a200_20231105.zx3"},"jtrastan_a35t_20231023.bit":{"kind":"a35t","type":"bit","hash":"614fab584f55842a163dc2ab98351c5a","size":1695404,"tags":[1],"url":"https://github.com/zxtres/cores/raw/1d419c97066b1cece4cfa753c565a5ba8aae3d84/jtcores/ZXTRES (A35)/jtrastan_zx3a35_20231023.bit"},"jtrastan_a35t_20231023.zx3":{"kind":"a35t","type":"zx3","hash":"05730d6e5c90e05ad444051d5ff36a3d","size":1695276,"tags":[1],"url":"https://github.com/zxtres/cores/raw/1d419c97066b1cece4cfa753c565a5ba8aae3d84/jtcores/ZXTRES (A35)/jtrastan_zx3a35_20231023.zx3"},"jtroadf_flip_a100t_20231105.bit":{"kind":"a100t","type":"bit","hash":"3abfb32dd5a491afa08d8504b493b86f","size":3015721,"tags":[1],"url":"https://github.com/zxtres/cores/raw/1d419c97066b1cece4cfa753c565a5ba8aae3d84/jtcores/ZXTRES + (A100)/jtroadf_flip_zx3a100_20231105.bit"},"jtroadf_flip_a100t_20231105.zx3":{"kind":"a100t","type":"zx3","hash":"634f37ec64f01bfa1829841bb3d006f6","size":3015592,"tags":[1],"url":"https://github.com/zxtres/cores/raw/1d419c97066b1cece4cfa753c565a5ba8aae3d84/jtcores/ZXTRES + (A100)/jtroadf_flip_zx3a100_20231105.zx3"},"jtroadf_flip_a200t_20231105.bit":{"kind":"a200t","type":"bit","hash":"a5c8d1c12c0821f857b5a3d0887ac76b","size":5645949,"tags":[1],"url":"https://github.com/zxtres/cores/raw/1d419c97066b1cece4cfa753c565a5ba8aae3d84/jtcores/ZXTRES ++ (A200)/jtroadf_flip_zx3a200_20231105.bit"},"jtroadf_flip_a200t_20231105.zx3":{"kind":"a200t","type":"zx3","hash":"5597f1cad084ca580301a07e20b71360","size":5645820,"tags":[1],"url":"https://github.com/zxtres/cores/raw/1d419c97066b1cece4cfa753c565a5ba8aae3d84/jtcores/ZXTRES ++ (A200)/jtroadf_flip_zx3a200_20231105.zx3"},"jtroc_a100t_20231104.bit":{"kind":"a100t","type":"bit","hash":"d2bc9d7c6f553554b39a960649ee1337","size":3063653,"tags":[1],"url":"https://github.com/zxtres/cores/raw/1d419c97066b1cece4cfa753c565a5ba8aae3d84/jtcores/ZXTRES + (A100)/jtroc_zx3a100_20231104.bit"},"jtroc_a100t_20231104.zx3":{"kind":"a100t","type":"zx3","hash":"b6929a4e5a3450fc6b25b7c731b31b1e","size":3063524,"tags":[1],"url":"https://github.com/zxtres/cores/raw/1d419c97066b1cece4cfa753c565a5ba8aae3d84/jtcores/ZXTRES + (A100)/jtroc_zx3a100_20231104.zx3"},"jtroc_a35t_20231026.bit":{"kind":"a35t","type":"bit","hash":"54334828599c725d4f99dd8e213dbd6d","size":1655204,"tags":[1],"url":"https://github.com/zxtres/cores/raw/1d419c97066b1cece4cfa753c565a5ba8aae3d84/jtcores/ZXTRES (A35)/jtroc_zx3a35_20231026.bit"},"jtroc_a35t_20231026.zx3":{"kind":"a35t","type":"zx3","hash":"6322cfa0e670064d745cca6fe9eb7917","size":1655076,"tags":[1],"url":"https://github.com/zxtres/cores/raw/1d419c97066b1cece4cfa753c565a5ba8aae3d84/jtcores/ZXTRES (A35)/jtroc_zx3a35_20231026.zx3"},"jtroc_flip_a200t_20231105.bit":{"kind":"a200t","type":"bit","hash":"94c9c91f7183802235eec1578a1a5175","size":5261985,"tags":[1],"url":"https://github.com/zxtres/cores/raw/1d419c97066b1cece4cfa753c565a5ba8aae3d84/jtcores/ZXTRES ++ (A200)/jtroc_flip_zx3a200_20231105.bit"},"jtroc_flip_a200t_20231105.zx3":{"kind":"a200t","type":"zx3","hash":"738f8d6f527a7eb362228326cecdc178","size":5261856,"tags":[1],"url":"https://github.com/zxtres/cores/raw/1d419c97066b1cece4cfa753c565a5ba8aae3d84/jtcores/ZXTRES ++ (A200)/jtroc_flip_zx3a200_20231105.zx3"},"jtrumble_a100t_20231104.bit":{"kind":"a100t","type":"bit","hash":"fb0884d6401b76c2206b694f98c78164","size":3076921,"tags":[1],"url":"https://github.com/zxtres/cores/raw/1d419c97066b1cece4cfa753c565a5ba8aae3d84/jtcores/ZXTRES + (A100)/jtrumble_zx3a100_20231104.bit"},"jtrumble_a100t_20231104.zx3":{"kind":"a100t","type":"zx3","hash":"ac11cf62a205127e6567c97089bd1876","size":3076792,"tags":[1],"url":"https://github.com/zxtres/cores/raw/1d419c97066b1cece4cfa753c565a5ba8aae3d84/jtcores/ZXTRES + (A100)/jtrumble_zx3a100_20231104.zx3"},"jtrumble_a200t_20231105.bit":{"kind":"a200t","type":"bit","hash":"ffc4b5b8c8228542d4e3971b3fb2639b","size":5458641,"tags":[1],"url":"https://github.com/zxtres/cores/raw/1d419c97066b1cece4cfa753c565a5ba8aae3d84/jtcores/ZXTRES ++ (A200)/jtrumble_zx3a200_20231105.bit"},"jtrumble_a200t_20231105.zx3":{"kind":"a200t","type":"zx3","hash":"e2a096668e27d3976b2f0973c7042654","size":5458512,"tags":[1],"url":"https://github.com/zxtres/cores/raw/1d419c97066b1cece4cfa753c565a5ba8aae3d84/jtcores/ZXTRES ++ (A200)/jtrumble_zx3a200_20231105.zx3"},"jts16_a100t_20231104.bit":{"kind":"a100t","type":"bit","hash":"d89622486819896c60ec492df80c1bf4","size":3064921,"tags":[1],"url":"https://github.com/zxtres/cores/raw/1d419c97066b1cece4cfa753c565a5ba8aae3d84/jtcores/ZXTRES + (A100)/jts16_zx3a100_20231104.bit"},"jts16_a100t_20231104.zx3":{"kind":"a100t","type":"zx3","hash":"3ef2d05b0912e82ef9ff0a6562f7eebc","size":3064792,"tags":[1],"url":"https://github.com/zxtres/cores/raw/1d419c97066b1cece4cfa753c565a5ba8aae3d84/jtcores/ZXTRES + (A100)/jts16_zx3a100_20231104.zx3"},"jts16_a200t_20231105.bit":{"kind":"a200t","type":"bit","hash":"5dc630cca896a8faa044174e5a33cfc1","size":5628197,"tags":[1],"url":"https://github.com/zxtres/cores/raw/1d419c97066b1cece4cfa753c565a5ba8aae3d84/jtcores/ZXTRES ++ (A200)/jts16_zx3a200_20231105.bit"},"jts16_a200t_20231105.zx3":{"kind":"a200t","type":"zx3","hash":"22f87679124ddd18aa3a9d67cf5241e1","size":5628068,"tags":[1],"url":"https://github.com/zxtres/cores/raw/1d419c97066b1cece4cfa753c565a5ba8aae3d84/jtcores/ZXTRES ++ (A200)/jts16_zx3a200_20231105.zx3"},"jts16b_a100t_20231104.bit":{"kind":"a100t","type":"bit","hash":"027613d1b10a236d0259f652b57f750e","size":3057609,"tags":[1],"url":"https://github.com/zxtres/cores/raw/1d419c97066b1cece4cfa753c565a5ba8aae3d84/jtcores/ZXTRES + (A100)/jts16b_zx3a100_20231104.bit"},"jts16b_a100t_20231104.zx3":{"kind":"a100t","type":"zx3","hash":"94c28dabbd9e8ebb6a3157dd112740f1","size":3057480,"tags":[1],"url":"https://github.com/zxtres/cores/raw/1d419c97066b1cece4cfa753c565a5ba8aae3d84/jtcores/ZXTRES + (A100)/jts16b_zx3a100_20231104.zx3"},"jts16b_a200t_20231105.bit":{"kind":"a200t","type":"bit","hash":"b32aca3166a9936155c5a746ee16fb7e","size":5781609,"tags":[1],"url":"https://github.com/zxtres/cores/raw/1d419c97066b1cece4cfa753c565a5ba8aae3d84/jtcores/ZXTRES ++ (A200)/jts16b_zx3a200_20231105.bit"},"jts16b_a200t_20231105.zx3":{"kind":"a200t","type":"zx3","hash":"3b63b7bc053eae82ab3fc92b22b40c3d","size":5781480,"tags":[1],"url":"https://github.com/zxtres/cores/raw/1d419c97066b1cece4cfa753c565a5ba8aae3d84/jtcores/ZXTRES ++ (A200)/jts16b_zx3a200_20231105.zx3"},"jtsarms_a100t_20231104.bit":{"kind":"a100t","type":"bit","hash":"73000b888d610ba0ff5a8bf5a4fe0a01","size":3060305,"tags":[1],"url":"https://github.com/zxtres/cores/raw/1d419c97066b1cece4cfa753c565a5ba8aae3d84/jtcores/ZXTRES + (A100)/jtsarms_zx3a100_20231104.bit"},"jtsarms_a100t_20231104.zx3":{"kind":"a100t","type":"zx3","hash":"8fd1a7a191c36b7469d90bdd4f7d1fad","size":3060176,"tags":[1],"url":"https://github.com/zxtres/cores/raw/1d419c97066b1cece4cfa753c565a5ba8aae3d84/jtcores/ZXTRES + (A100)/jtsarms_zx3a100_20231104.zx3"},"jtsarms_a200t_20231105.bit":{"kind":"a200t","type":"bit","hash":"c61548af404bb5113880ee44710c3424","size":5493549,"tags":[1],"url":"https://github.com/zxtres/cores/raw/1d419c97066b1cece4cfa753c565a5ba8aae3d84/jtcores/ZXTRES ++ (A200)/jtsarms_zx3a200_20231105.bit"},"jtsarms_a200t_20231105.zx3":{"kind":"a200t","type":"zx3","hash":"a999b37a3ea51b6d71093ef09a068951","size":5493420,"tags":[1],"url":"https://github.com/zxtres/cores/raw/1d419c97066b1cece4cfa753c565a5ba8aae3d84/jtcores/ZXTRES ++ (A200)/jtsarms_zx3a200_20231105.zx3"},"jtsarms_a35t_20231026.bit":{"kind":"a35t","type":"bit","hash":"bce493745b70f2f159b1c147ffbf8778","size":1698392,"tags":[1],"url":"https://github.com/zxtres/cores/raw/1d419c97066b1cece4cfa753c565a5ba8aae3d84/jtcores/ZXTRES (A35)/jtsarms_zx3a35_20231026.bit"},"jtsarms_a35t_20231026.zx3":{"kind":"a35t","type":"zx3","hash":"48dc24ee1d459f32d01e90ff7610912c","size":1698264,"tags":[1],"url":"https://github.com/zxtres/cores/raw/1d419c97066b1cece4cfa753c565a5ba8aae3d84/jtcores/ZXTRES (A35)/jtsarms_zx3a35_20231026.zx3"},"jtsectnz_a100t_20231104.bit":{"kind":"a100t","type":"bit","hash":"1ef13685bd22eabaee27c0d0fe4d6182","size":3081149,"tags":[1],"url":"https://github.com/zxtres/cores/raw/1d419c97066b1cece4cfa753c565a5ba8aae3d84/jtcores/ZXTRES + (A100)/jtsectnz_zx3a100_20231104.bit"},"jtsectnz_a100t_20231104.zx3":{"kind":"a100t","type":"zx3","hash":"594f2346d534fadd3b6f301c88ea141b","size":3081020,"tags":[1],"url":"https://github.com/zxtres/cores/raw/1d419c97066b1cece4cfa753c565a5ba8aae3d84/jtcores/ZXTRES + (A100)/jtsectnz_zx3a100_20231104.zx3"},"jtsectnz_a35t_20231029.zx3":{"kind":"a35t","type":"zx3","hash":"e7b447177af099fd9fa4bd8b1f531eae","size":1698268,"tags":[1],"url":"https://github.com/zxtres/cores/raw/1d419c97066b1cece4cfa753c565a5ba8aae3d84/jtcores/ZXTRES (A35)/jtsectnz_zx3a35_20231029.zx3"},"jtsectnz_flip_a200t_20231105.bit":{"kind":"a200t","type":"bit","hash":"4eecc226dd75315bc6aec547e3fb15bc","size":5507057,"tags":[1],"url":"https://github.com/zxtres/cores/raw/1d419c97066b1cece4cfa753c565a5ba8aae3d84/jtcores/ZXTRES ++ (A200)/jtsectnz_flip_zx3a200_20231105.bit"},"jtsectnz_flip_a200t_20231105.zx3":{"kind":"a200t","type":"zx3","hash":"182adc0b9c26859170709cb3ed99db83","size":5506928,"tags":[1],"url":"https://github.com/zxtres/cores/raw/1d419c97066b1cece4cfa753c565a5ba8aae3d84/jtcores/ZXTRES ++ (A200)/jtsectnz_flip_zx3a200_20231105.zx3"},"jtshanon_a100t_20231104.bit":{"kind":"a100t","type":"bit","hash":"744117f7753817e2b0a699cbd79880a2","size":3113705,"tags":[1],"url":"https://github.com/zxtres/cores/raw/1d419c97066b1cece4cfa753c565a5ba8aae3d84/jtcores/ZXTRES + (A100)/jtshanon_zx3a100_20231104.bit"},"jtshanon_a100t_20231104.zx3":{"kind":"a100t","type":"zx3","hash":"4bf28d566908bfd0cadb99ed34dc5761","size":3113576,"tags":[1],"url":"https://github.com/zxtres/cores/raw/1d419c97066b1cece4cfa753c565a5ba8aae3d84/jtcores/ZXTRES + (A100)/jtshanon_zx3a100_20231104.zx3"},"jtshanon_a200t_20231105.bit":{"kind":"a200t","type":"bit","hash":"cb9fb495b8a5ea942e8731d2f2125ed9","size":5531989,"tags":[1],"url":"https://github.com/zxtres/cores/raw/1d419c97066b1cece4cfa753c565a5ba8aae3d84/jtcores/ZXTRES ++ (A200)/jtshanon_zx3a200_20231105.bit"},"jtshanon_a200t_20231105.zx3":{"kind":"a200t","type":"zx3","hash":"c6505d1790aaa2571d69b741c83a9472","size":5531860,"tags":[1],"url":"https://github.com/zxtres/cores/raw/1d419c97066b1cece4cfa753c565a5ba8aae3d84/jtcores/ZXTRES ++ (A200)/jtshanon_zx3a200_20231105.zx3"},"jtslyspy_a100t_20231104.bit":{"kind":"a100t","type":"bit","hash":"bc7ed8e7b7073133069c4aadaf38a524","size":3041861,"tags":[1],"url":"https://github.com/zxtres/cores/raw/1d419c97066b1cece4cfa753c565a5ba8aae3d84/jtcores/ZXTRES + (A100)/jtslyspy_zx3a100_20231104.bit"},"jtslyspy_a100t_20231104.zx3":{"kind":"a100t","type":"zx3","hash":"35ed5acc7375e75456fd7ea4d048fe8e","size":3041732,"tags":[1],"url":"https://github.com/zxtres/cores/raw/1d419c97066b1cece4cfa753c565a5ba8aae3d84/jtcores/ZXTRES + (A100)/jtslyspy_zx3a100_20231104.zx3"},"jtslyspy_a200t_20231105.bit":{"kind":"a200t","type":"bit","hash":"2f551dcbbeb6de143f32900f99130485","size":5627829,"tags":[1],"url":"https://github.com/zxtres/cores/raw/1d419c97066b1cece4cfa753c565a5ba8aae3d84/jtcores/ZXTRES ++ (A200)/jtslyspy_zx3a200_20231105.bit"},"jtslyspy_a200t_20231105.zx3":{"kind":"a200t","type":"zx3","hash":"3dd285925a4a5079642a823356e65d8d","size":5627700,"tags":[1],"url":"https://github.com/zxtres/cores/raw/1d419c97066b1cece4cfa753c565a5ba8aae3d84/jtcores/ZXTRES ++ (A200)/jtslyspy_zx3a200_20231105.zx3"},"jttora_a100t_20231104.bit":{"kind":"a100t","type":"bit","hash":"471cb91a879128a0f95c9c78633834c3","size":3068533,"tags":[1],"url":"https://github.com/zxtres/cores/raw/1d419c97066b1cece4cfa753c565a5ba8aae3d84/jtcores/ZXTRES + (A100)/jttora_zx3a100_20231104.bit"},"jttora_a100t_20231104.zx3":{"kind":"a100t","type":"zx3","hash":"b710139b75eceb89881e534a748acd04","size":3068404,"tags":[1],"url":"https://github.com/zxtres/cores/raw/1d419c97066b1cece4cfa753c565a5ba8aae3d84/jtcores/ZXTRES + (A100)/jttora_zx3a100_20231104.zx3"},"jttora_a200t_20231105.bit":{"kind":"a200t","type":"bit","hash":"8bc98cbdf0524c9734c6217e221e66cc","size":5440237,"tags":[1],"url":"https://github.com/zxtres/cores/raw/1d419c97066b1cece4cfa753c565a5ba8aae3d84/jtcores/ZXTRES ++ (A200)/jttora_zx3a200_20231105.bit"},"jttora_a200t_20231105.zx3":{"kind":"a200t","type":"zx3","hash":"4217f035377335f4d59a4863fb93128a","size":5440108,"tags":[1],"url":"https://github.com/zxtres/cores/raw/1d419c97066b1cece4cfa753c565a5ba8aae3d84/jtcores/ZXTRES ++ (A200)/jttora_zx3a200_20231105.zx3"},"jttrack_a100t_20231104.bit":{"kind":"a100t","type":"bit","hash":"b8d2c1dfb0c95332b7bae2d3becb8e3d","size":3035801,"tags":[1],"url":"https://github.com/zxtres/cores/raw/1d419c97066b1cece4cfa753c565a5ba8aae3d84/jtcores/ZXTRES + (A100)/jttrack_zx3a100_20231104.bit"},"jttrack_a100t_20231104.zx3":{"kind":"a100t","type":"zx3","hash":"0305d0076ff1d353ece2ce4b8e8515fa","size":3035672,"tags":[1],"url":"https://github.com/zxtres/cores/raw/1d419c97066b1cece4cfa753c565a5ba8aae3d84/jtcores/ZXTRES + (A100)/jttrack_zx3a100_20231104.zx3"},"jttrack_a200t_20231101.bit":{"kind":"a200t","type":"bit","hash":"25dec6dbc27a1c1859898254227f4e73","size":5163053,"tags":[1],"url":"https://github.com/zxtres/cores/raw/1d419c97066b1cece4cfa753c565a5ba8aae3d84/jtcores/ZXTRES ++ (A200)/jttrack_zx3a200_20231101.bit"},"jttrack_a200t_20231101.zx3":{"kind":"a200t","type":"zx3","hash":"9d0ee3f26e630c8da55441e97fb11b3b","size":5162924,"tags":[1],"url":"https://github.com/zxtres/cores/raw/1d419c97066b1cece4cfa753c565a5ba8aae3d84/jtcores/ZXTRES ++ (A200)/jttrack_zx3a200_20231101.zx3"},"jttrojan_a100t_20231104.bit":{"kind":"a100t","type":"bit","hash":"bd87dfc702dca4f732e09ebb7ddf375c","size":3024541,"tags":[1],"url":"https://github.com/zxtres/cores/raw/1d419c97066b1cece4cfa753c565a5ba8aae3d84/jtcores/ZXTRES + (A100)/jttrojan_zx3a100_20231104.bit"},"jttrojan_a100t_20231104.zx3":{"kind":"a100t","type":"zx3","hash":"9eac139a5db86038ce811b2a8adee3ec","size":3024412,"tags":[1],"url":"https://github.com/zxtres/cores/raw/1d419c97066b1cece4cfa753c565a5ba8aae3d84/jtcores/ZXTRES + (A100)/jttrojan_zx3a100_20231104.zx3"},"jttrojan_a200t_20231105.bit":{"kind":"a200t","type":"bit","hash":"67f26f7d1a226923e41f680edf0626ac","size":4981409,"tags":[1],"url":"https://github.com/zxtres/cores/raw/1d419c97066b1cece4cfa753c565a5ba8aae3d84/jtcores/ZXTRES ++ (A200)/jttrojan_zx3a200_20231105.bit"},"jttrojan_a200t_20231105.zx3":{"kind":"a200t","type":"zx3","hash":"efaa14793f467a6bb53ed5521bd6b985","size":4981280,"tags":[1],"url":"https://github.com/zxtres/cores/raw/1d419c97066b1cece4cfa753c565a5ba8aae3d84/jtcores/ZXTRES ++ (A200)/jttrojan_zx3a200_20231105.zx3"},"jttrojan_a35t_20231025.bit":{"kind":"a35t","type":"bit","hash":"106dfe0ebf022799de7110ee22c346e1","size":1702132,"tags":[1],"url":"https://github.com/zxtres/cores/raw/1d419c97066b1cece4cfa753c565a5ba8aae3d84/jtcores/ZXTRES (A35)/jttrojan_zx3a35_20231025.bit"},"jttrojan_a35t_20231025.zx3":{"kind":"a35t","type":"zx3","hash":"3ead7924e570e989354e33a1c70df67d","size":1702004,"tags":[1],"url":"https://github.com/zxtres/cores/raw/1d419c97066b1cece4cfa753c565a5ba8aae3d84/jtcores/ZXTRES (A35)/jttrojan_zx3a35_20231025.zx3"},"jtvigil_a100t_20231104.bit":{"kind":"a100t","type":"bit","hash":"4cd807fdac2bb08274a3823eeaafa52b","size":3027445,"tags":[1],"url":"https://github.com/zxtres/cores/raw/1d419c97066b1cece4cfa753c565a5ba8aae3d84/jtcores/ZXTRES + (A100)/jtvigil_zx3a100_20231104.bit"},"jtvigil_a100t_20231104.zx3":{"kind":"a100t","type":"zx3","hash":"fb0dc98bea2ea040d162ca4c8e184da8","size":3027316,"tags":[1],"url":"https://github.com/zxtres/cores/raw/1d419c97066b1cece4cfa753c565a5ba8aae3d84/jtcores/ZXTRES + (A100)/jtvigil_zx3a100_20231104.zx3"},"jtvigil_a200t_20231105.bit":{"kind":"a200t","type":"bit","hash":"4b56e510004336ff91f6a5d48815af42","size":5165381,"tags":[1],"url":"https://github.com/zxtres/cores/raw/1d419c97066b1cece4cfa753c565a5ba8aae3d84/jtcores/ZXTRES ++ (A200)/jtvigil_zx3a200_20231105.bit"},"jtvigil_a200t_20231105.zx3":{"kind":"a200t","type":"zx3","hash":"287ef449d93f88b817eed38c980ea8c5","size":5165252,"tags":[1],"url":"https://github.com/zxtres/cores/raw/1d419c97066b1cece4cfa753c565a5ba8aae3d84/jtcores/ZXTRES ++ (A200)/jtvigil_zx3a200_20231105.zx3"},"jtvigil_a35t_20231025.bit":{"kind":"a35t","type":"bit","hash":"267bb1b0874650fcf8ab66a0131b424e","size":1656356,"tags":[1],"url":"https://github.com/zxtres/cores/raw/1d419c97066b1cece4cfa753c565a5ba8aae3d84/jtcores/ZXTRES (A35)/jtvigil_zx3a35_20231025.bit"},"jtvigil_a35t_20231025.zx3":{"kind":"a35t","type":"zx3","hash":"b93f304484cfacc0d549495bbbbba869","size":1656228,"tags":[1],"url":"https://github.com/zxtres/cores/raw/1d419c97066b1cece4cfa753c565a5ba8aae3d84/jtcores/ZXTRES (A35)/jtvigil_zx3a35_20231025.zx3"},"jtvulgus_a100t_20231104.bit":{"kind":"a100t","type":"bit","hash":"d4e1654b55ea365e5fa1d7e50b448357","size":3026001,"tags":[1],"url":"https://github.com/zxtres/cores/raw/1d419c97066b1cece4cfa753c565a5ba8aae3d84/jtcores/ZXTRES + (A100)/jtvulgus_zx3a100_20231104.bit"},"jtvulgus_a100t_20231104.zx3":{"kind":"a100t","type":"zx3","hash":"2f8cdc17781d96017eb4ad0029357fbd","size":3025872,"tags":[1],"url":"https://github.com/zxtres/cores/raw/1d419c97066b1cece4cfa753c565a5ba8aae3d84/jtcores/ZXTRES + (A100)/jtvulgus_zx3a100_20231104.zx3"},"jtvulgus_a200t_20231105.bit":{"kind":"a200t","type":"bit","hash":"dfafd07a47c0f5c98e5e71060e27620f","size":5243877,"tags":[1],"url":"https://github.com/zxtres/cores/raw/1d419c97066b1cece4cfa753c565a5ba8aae3d84/jtcores/ZXTRES ++ (A200)/jtvulgus_zx3a200_20231105.bit"},"jtvulgus_a200t_20231105.zx3":{"kind":"a200t","type":"zx3","hash":"ba8b65525a3d30ba823c458510553bf5","size":5243748,"tags":[1],"url":"https://github.com/zxtres/cores/raw/1d419c97066b1cece4cfa753c565a5ba8aae3d84/jtcores/ZXTRES ++ (A200)/jtvulgus_zx3a200_20231105.zx3"},"jtvulgus_a35t_20231025.bit":{"kind":"a35t","type":"bit","hash":"7e15e01dc744665e345493e66b1d5bbf","size":1685480,"tags":[1],"url":"https://github.com/zxtres/cores/raw/1d419c97066b1cece4cfa753c565a5ba8aae3d84/jtcores/ZXTRES (A35)/jtvulgus_zx3a35_20231025.bit"},"jtvulgus_a35t_20231025.zx3":{"kind":"a35t","type":"zx3","hash":"c1a5a385e2e76c8d73746c76fcdc4e2b","size":1685352,"tags":[1],"url":"https://github.com/zxtres/cores/raw/1d419c97066b1cece4cfa753c565a5ba8aae3d84/jtcores/ZXTRES (A35)/jtvulgus_zx3a35_20231025.zx3"},"minimig_aga_a200t.zx3":{"kind":"a200t","type":"zx3","hash":"429704b9b88316945641d15fde45ea32","size":2995724,"tags":[3],"url":"https://github.com/zxtres/cores/raw/1d419c97066b1cece4cfa753c565a5ba8aae3d84/minimig/minimig-AGA-A200.zx3"},"minimig_aga_a35t_20230907.zx3":{"kind":"a35t","type":"zx3","hash":"f1d3b2b4df8333cebd54dba3791ebe1c","size":1461264,"tags":[3],"url":"https://github.com/zxtres/cores/raw/1d419c97066b1cece4cfa753c565a5ba8aae3d84/minimig/minimig-AGA-20230907-A35T.zx3"},"neogeo_a100t_230828.zx3":{"kind":"a100t","type":"zx3","hash":"f9133c1a778c314ca0488ef44ac5654a","size":2920316,"tags":[1,2],"url":"https://github.com/zxtres/cores/raw/1d419c97066b1cece4cfa753c565a5ba8aae3d84/NeoGeo/old/NeoGeo_a100_230828.zx3"},"neogeo_a100t_230924.bit":{"kind":"a100t","type":"bit","hash":"b0a407bc0a8a46001254bc617c71ded9","size":2870549,"tags":[1,2],"url":"https://github.com/zxtres/cores/raw/a65a00e4230975d605c8dc297a10283af5ee791b/NeoGeo/NeoGeo_A100_230924.bit"},"neogeo_a200t_230924.bit":{"kind":"a200t","type":"bit","hash":"aee358d89a72a9ab6b70dd13ee9386b5","size":4008809,"tags":[1,2],"url":"https://github.com/zxtres/cores/raw/a65a00e4230975d605c8dc297a10283af5ee791b/NeoGeo/NeoGeo_A200_230924.bit"},"neogeo_a200t_230924.zx3":{"kind":"a200t","type":"zx3","hash":"276640196bfacbdf6bbca2be7b5ef61d","size":4008688,"tags":[1,2],"url":"https://github.com/zxtres/cores/raw/a65a00e4230975d605c8dc297a10283af5ee791b/NeoGeo/NeoGeo_A200_230924.zx3"},"neogeo_a35t_230924.bit":{"kind":"a35t","type":"bit","hash":"eea6b2fbd40397770178b015d9838484","size":1731408,"tags":[1,2],"url":"https://github.com/zxtres/cores/raw/a65a00e4230975d605c8dc297a10283af5ee791b/NeoGeo/NeoGeo_A35_230924.bit"},"neogeo_a35t_230924.zx3":{"kind":"a35t","type":"zx3","hash":"f0be1f632d5e3cedd083863e49fde24d","size":1731288,"tags":[1,2],"url":"https://github.com/zxtres/cores/raw/a65a00e4230975d605c8dc297a10283af5ee791b/NeoGeo/NeoGeo_A35_230924.zx3"},"pcxt_a100t_230830.bit":{"kind":"a100t","type":"bit","hash":"dc42ba69966762dd3ba613a4e7ecde60","size":3012153,"tags":[3],"url":"https://github.com/zxtres/cores/raw/1d419c97066b1cece4cfa753c565a5ba8aae3d84/PCXT/old/PCXT_a100_230830.bit"},"pcxt_a100t_230909.bit":{"kind":"a100t","type":"bit","hash":"c228ded273894421cfdcb9c28b6248b8","size":2704617,"tags":[3],"url":"https://github.com/zxtres/cores/raw/a65a00e4230975d605c8dc297a10283af5ee791b/PCXT/PCXT_a100_230909.bit"},"pcxt_a200t_230830.bit":{"kind":"a200t","type":"bit","hash":"4f536470154c9eeab79d01eb3e05e42f","size":4111249,"tags":[3],"url":"https://github.com/zxtres/cores/raw/1d419c97066b1cece4cfa753c565a5ba8aae3d84/PCXT/old/PCXT_a200_230830.bit"},"pcxt_a200t_230909.zx3":{"kind":"a200t","type":"zx3","hash":"fef057150517434c5abb72bf36907c57","size":4100004,"tags":[3],"url":"https://github.com/zxtres/cores/raw/a65a00e4230975d605c8dc297a10283af5ee791b/PCXT/PCXT_a200_230909.zx3"},"pcxt_a35t_230909.bit":{"kind":"a35t","type":"bit","hash":"f52fdea2cacb185a911799b7e248f0d7","size":1740352,"tags":[3],"url":"https://github.com/zxtres/cores/raw/a65a00e4230975d605c8dc297a10283af5ee791b/PCXT/PCXT_a35_230909.bit"},"pcxt_a35t_230830.zx3":{"kind":"a35t","type":"zx3","hash":"ebcb4f4a454d59b596e273a6249f6ce1","size":1735068,"tags":[3],"url":"https://github.com/zxtres/cores/raw/1d419c97066b1cece4cfa753c565a5ba8aae3d84/PCXT/old/PCXT_a35_230830.zx3"},"tld_test_placa_a100t.bit":{"kind":"a100t","type":"bit","hash":"3dabc0c090d1dea7b066dd998bf53f23","size":980250,"tags":[4],"url":"https://github.com/zxtres/cores/raw/1d419c97066b1cece4cfa753c565a5ba8aae3d84/testplaca/tld_test_placa_a100t.bit"},"tld_test_placa_a100t.zx3":{"kind":"a100t","type":"zx3","hash":"0b9b2a38a278a35f4174368545d05c5a","size":1179648,"tags":[4],"url":"https://github.com/zxtres/cores/raw/1d419c97066b1cece4cfa753c565a5ba8aae3d84/testplaca/tld_test_placa_a100t.zx3"},"tld_test_placa_a200t.bit":{"kind":"a200t","type":"bit","hash":"8ef6126a7fb9d09868e40d3605ee6085","size":1674290,"tags":[4],"url":"https://github.com/zxtres/cores/raw/1d419c97066b1cece4cfa753c565a5ba8aae3d84/testplaca/tld_test_placa_a200t.bit"},"tld_test_placa_a200t.zx3":{"kind":"a200t","type":"zx3","hash":"9d337ec7e0d908dfaef0013da7b694b5","size":1687552,"tags":[4],"url":"https://github.com/zxtres/cores/raw/1d419c97066b1cece4cfa753c565a5ba8aae3d84/testplaca/tld_test_placa_a200t.zx3"},"tld_test_placa_a35t.bit":{"kind":"a35t","type":"bit","hash":"4ecdff723cfc2df23e103a62761aa4c6","size":786789,"tags":[4],"url":"https://github.com/zxtres/cores/raw/1d419c97066b1cece4cfa753c565a5ba8aae3d84/testplaca/tld_test_placa_a35t.bit"},"tld_test_placa_a35t.zx3":{"kind":"a35t","type":"zx3","hash":"2a6190fafe4f02eeb91679e83ebea138","size":802816,"tags":[4],"url":"https://github.com/zxtres/cores/raw/1d419c97066b1cece4cfa753c565a5ba8aae3d84/testplaca/tld_test_placa_a35t.zx3"},"zx81_.00_a100t_20230730.zx3":{"kind":"a100t","type":"zx3","hash":"c19032856d442327d041ab15ac4a529d","size":1179648,"tags":[3],"url":"https://github.com/zxtres/cores/raw/1d419c97066b1cece4cfa753c565a5ba8aae3d84/ZX81/zx81_zxtres_a100t_20230730.00.ZX3"},"zx81_.00_a200t_20230730.zx3":{"kind":"a200t","type":"zx3","hash":"3cf63a2209823084f777479dc4a0c10f","size":1179648,"tags":[3],"url":"https://github.com/zxtres/cores/raw/1d419c97066b1cece4cfa753c565a5ba8aae3d84/ZX81/zx81_zxtres_a200t_20230730.00.ZX3"},"zx81_.01_a100t_20230730.zx3":{"kind":"a100t","type":"zx3","hash":"53a5287cf66bf15ff7e960b3c6ef91fd","size":1179648,"tags":[3],"url":"https://github.com/zxtres/cores/raw/1d419c97066b1cece4cfa753c565a5ba8aae3d84/ZX81/zx81_zxtres_a100t_20230730.01.ZX3"},"zx81_.01_a200t_20230730.zx3":{"kind":"a200t","type":"zx3","hash":"926e11568e6a56a1286c45636eeca31a","size":1179648,"tags":[3],"url":"https://github.com/zxtres/cores/raw/1d419c97066b1cece4cfa753c565a5ba8aae3d84/ZX81/zx81_zxtres_a200t_20230730.01.ZX3"},"zx81_a100t_20230730.bit":{"kind":"a100t","type":"bit","hash":"44d923658c4bd3509a5e307f61c7bd24","size":1491651,"tags":[3],"url":"https://github.com/zxtres/cores/raw/1d419c97066b1cece4cfa753c565a5ba8aae3d84/ZX81/zx81_zxtres_a100t_20230730.bit"},"zx81_a200t_20230730.bit":{"kind":"a200t","type":"bit","hash":"ed9e14eb8aa93a50d2ab2201f43dfa2d","size":2042643,"tags":[3],"url":"https://github.com/zxtres/cores/raw/1d419c97066b1cece4cfa753c565a5ba8aae3d84/ZX81/zx81_zxtres_a200t_20230730.bit"},"zx81_a35t_20230730.bit":{"kind":"a35t","type":"bit","hash":"5f8709b3fad6faf6b487d41c29638bfe","size":820458,"tags":[3],"url":"https://github.com/zxtres/cores/raw/1d419c97066b1cece4cfa753c565a5ba8aae3d84/ZX81/zx81_zxtres_a35t_20230730.bit"},"zx81_a35t_20230730.zx3":{"kind":"a35t","type":"zx3","hash":"10e8929133ad2408f1386e2afd0646a6","size":1179648,"tags":[3],"url":"https://github.com/zxtres/cores/raw/1d419c97066b1cece4cfa753c565a5ba8aae3d84/ZX81/zx81_zxtres_a35t_20230730.ZX3"},"zxp3_a100t_20230922.bit":{"kind":"a100t","type":"bit","hash":"7e28139585b0abc22b9886a9f9808912","size":2399762,"tags":[3],"url":"https://github.com/zxtres/cores/raw/1d419c97066b1cece4cfa753c565a5ba8aae3d84/zxp3/zxp3-a100-20230922.bit"},"zxp3_a200t_20230922.bit":{"kind":"a200t","type":"bit","hash":"efadf652f27eb8a2f5a496848ad6b5be","size":3241918,"tags":[3],"url":"https://github.com/zxtres/cores/raw/1d419c97066b1cece4cfa753c565a5ba8aae3d84/zxp3/zxp3-a200-20230922.bit"},"zxp3_a35t_20230922.bit":{"kind":"a35t","type":"bit","hash":"e616999c04333a9428ddc3b500f7d13d","size":1610945,"tags":[3],"url":"https://github.com/zxtres/cores/raw/1d419c97066b1cece4cfa753c565a5ba8aae3d84/zxp3/zxp3-a35-20230922.bit"}},"tag_dictionary":{"arcade":1,"console":2,"computer":3,"util":4}}