{"packs":{"esxdos":{"name":"esxdos","type":"zip","args_keep":false,"url":"https://github.com/kounch/ZX3_Downloader/raw/1aadf48a79864455809a22b49e550abcf57cd1cd/","file":"esxdos_db.json","path":"","hash":"600900326d41dedb436a06589870a4b0","size":2267,"out_path":"","tags":[]},"nmi_browser":{"name":"NMI Browser","type":"zip","args_keep":false,"url":"https://github.com/kounch/ZX3_Downloader/raw/1aadf48a79864455809a22b49e550abcf57cd1cd/","file":"nmi_browser_db.json","path":"","hash":"bb9b0062914fa4c7537a02ba8335e1ec","size":2324,"out_path":"","tags":[]},"middleboard":{"name":"Middle Board","type":"zip","args_keep":false,"url":"https://github.com/kounch/ZX3_Downloader/raw/1aadf48a79864455809a22b49e550abcf57cd1cd/","file":"mb_db.json","path":"","hash":"f509965c55b1a41b40a530d5cd2c98de","size":450,"out_path":"","tags":[]},"zxuc":{"name":"ZXUC","type":"zip","args_keep":false,"url":"https://github.com/kounch/ZX3_Downloader/raw/1aadf48a79864455809a22b49e550abcf57cd1cd/","file":"zxuc_db.json","path":"","hash":"e21f6cc5b15188ff8a61805981b9398c","size":425,"out_path":"","tags":[]},"dot_cmds":{"name":"Dot Commands","type":"files","args_keep":false,"url":"https://github.com/kounch/ZX3_Downloader/raw/1aadf48a79864455809a22b49e550abcf57cd1cd/","file":"dot_cmd_db.json","path":"dot_cmds","hash":"022736e7c2430c245847c6619d6745cd","size":1390,"out_path":"","tags":[]},"cores":{"name":"Cores","type":"files","args_keep":true,"url":"https://github.com/kounch/ZX3_Downloader/raw/31ae62e14432ecfa1618f935c4e7885a51591e61/","file":"corebin_db.json","path":"cores","hash":"6cf5b77cd1acb4bb4741fa6ce11e661b","size":10608,"out_path":"cores","tags":[1,2,3,4]},"roms":{"name":"Extra ROMs","type":"files","args_keep":false,"url":"https://github.com/kounch/ZX3_Downloader/raw/1aadf48a79864455809a22b49e550abcf57cd1cd/","file":"extra_db.json","path":"extra","hash":"8d265265b767db64023014d8b8f4cbfe","size":624,"out_path":"","tags":[1,2,3,4]},"minimig":{"name":"Minimig Art","type":"zip","args_keep":false,"url":"https://github.com/kounch/ZX3_Downloader/raw/1aadf48a79864455809a22b49e550abcf57cd1cd/","file":"minimig_db.json","path":"","hash":"7be0e9e8577ac2af26727391783dcffa","size":439,"out_path":"","tags":[3]},"cpc6128":{"name":"CPC 6128 ROM","type":"zip","args_keep":false,"url":"https://github.com/kounch/ZX3_Downloader/raw/1aadf48a79864455809a22b49e550abcf57cd1cd/","file":"cpc6128_db.json","path":"","hash":"96d525c42f0f0f690c59ed2e8257d7db","size":450,"out_path":"","tags":[3]},"tandy":{"name":"Tandy ROM","type":"zip","args_keep":false,"url":"https://github.com/kounch/ZX3_Downloader/raw/1aadf48a79864455809a22b49e550abcf57cd1cd/","file":"tandy_db.json","path":"","hash":"a6e0cb6ae2b51a00f044e96db6fde008","size":371,"out_path":"","tags":[3]},"zxp3":{"name":"ZXP3 ROM","type":"zip","args_keep":false,"url":"https://github.com/kounch/ZX3_Downloader/raw/1aadf48a79864455809a22b49e550abcf57cd1cd/","file":"zxp3_db.json","path":"","hash":"5bb3b8a6639fad094bd99c29f25d040d","size":341,"out_path":"","tags":[3]},"specnect":{"name":"ZX Spectrum Next","type":"zip","args_keep":false,"url":"https://github.com/kounch/ZX3_Downloader/raw/1aadf48a79864455809a22b49e550abcf57cd1cd/","file":"specnext_db.json","path":"","hash":"851fa02210b32fdab5274673c15768e2","size":25572,"out_path":"","tags":[3]},"jotego":{"name":"Jotego Arcade","type":"arcade","dbs":{"arcade_rom_db":{"url":"https://github.com/kounch/ZX3_Downloader/raw/1aadf48a79864455809a22b49e550abcf57cd1cd/","file":"arcade_roms_db.json","hash":"fa98bcfa923f62131dc07267892af007","size":26442},"mra_db":{"url":"https://github.com/kounch/ZX3_Downloader/raw/1aadf48a79864455809a22b49e550abcf57cd1cd/","file":"jtbindb.json","hash":"7f35b7d6d9e76c7036adf89b5880f34e","size":39878},"jtcores_db":{"url":"https://github.com/kounch/ZX3_Downloader/raw/1aadf48a79864455809a22b49e550abcf57cd1cd/","file":"jtcores.json","hash":"59dc45708cb7c2e9bc291cb61208bf37","size":583}},"mra_url":"https://raw.githubusercontent.com/jotego/jtbin/71dae38d45b3646f35345848a87cc4a709b6b6af/mra/","tags":[1]}},"tag_dictionary":{"arcade":1,"console":2,"computer":3,"util":4}}