{"packs":{"esxdos":{"name":"esxdos","type":"zip","args_keep":false,"url":"https://github.com/kounch/ZX3_Downloader/raw/1aadf48a79864455809a22b49e550abcf57cd1cd/","file":"esxdos_db.json","path":"","hash":"600900326d41dedb436a06589870a4b0","size":2267,"out_path":"","tags":[]},"nmi_browser":{"name":"NMI Browser","type":"zip","args_keep":false,"url":"https://github.com/kounch/ZX3_Downloader/raw/1aadf48a79864455809a22b49e550abcf57cd1cd/","file":"nmi_browser_db.json","path":"","hash":"bb9b0062914fa4c7537a02ba8335e1ec","size":2324,"out_path":"","tags":[]},"middleboard":{"name":"Middle Board","type":"zip","args_keep":false,"url":"https://github.com/kounch/ZX3_Downloader/raw/56ef2876c99327dae7c3ed7d0ab81a5cea0bcf1e/","file":"mb_db.json","path":"","hash":"a9f91faf16169ff4ff7d00a262e7f222","size":586,"out_path":"","tags":[]},"zxuc":{"name":"ZXUC","type":"zip","args_keep":false,"url":"https://github.com/kounch/ZX3_Downloader/raw/1aadf48a79864455809a22b49e550abcf57cd1cd/","file":"zxuc_db.json","path":"","hash":"e21f6cc5b15188ff8a61805981b9398c","size":425,"out_path":"","tags":[]},"dot_cmds":{"name":"Dot Commands","type":"files","args_keep":false,"url":"https://github.com/kounch/ZX3_Downloader/raw/1aadf48a79864455809a22b49e550abcf57cd1cd/","file":"dot_cmd_db.json","path":"dot_cmds","hash":"022736e7c2430c245847c6619d6745cd","size":1390,"out_path":"","tags":[]},"cores":{"name":"Cores","type":"files","args_keep":true,"url":"https://github.com/kounch/ZX3_Downloader/raw/8b516ffa4c1870a462e71b8260e7589971b8990a/","file":"corebin_db.json","path":"cores","hash":"b889dd03f72e34ca2ddad641f7ddb3b4","size":84901,"out_path":"cores","tags":[1,2,3,4]},"cpc6128_cores":{"name":"Amstrad CPC 6128 Core","type":"zip","args_keep":false,"url":"https://github.com/kounch/ZX3_Downloader/raw/56ef2876c99327dae7c3ed7d0ab81a5cea0bcf1e/","file":"cpc6128bin_db.json","path":"","hash":"14dfb1b3370bf33673a905b2549a7e70","size":639,"out_path":"cores","tags":[3]},"samcoupe_cores":{"name":"SAM Coup\u00e9 Core","type":"zip","args_keep":false,"url":"https://github.com/kounch/ZX3_Downloader/raw/56ef2876c99327dae7c3ed7d0ab81a5cea0bcf1e/","file":"samcoupebin_db.json","path":"","hash":"16829f3017aace30a9a983b9e01b6333","size":704,"out_path":"cores","tags":[3]},"zxnext_cores":{"name":"ZX Spectrum Next Core","type":"zip","args_keep":false,"url":"https://github.com/kounch/ZX3_Downloader/raw/1cc0ddbd5cce9e4b0a139803db84fb304515134b/","file":"zxnextbin_db.json","path":"","hash":"66a7f8f0393e09c10ebee24442ba3a80","size":648,"out_path":"cores","tags":[3]},"roms":{"name":"Extra ROMs","type":"files","args_keep":false,"url":"https://github.com/kounch/ZX3_Downloader/raw/8b516ffa4c1870a462e71b8260e7589971b8990a/","file":"extra_db.json","path":"extra","hash":"51e698c2f819b3cc1093df959e113bf6","size":1601,"out_path":"","tags":[1,2,3,4]},"minimig":{"name":"Minimig Art","type":"zip","args_keep":false,"url":"https://github.com/kounch/ZX3_Downloader/raw/1aadf48a79864455809a22b49e550abcf57cd1cd/","file":"minimig_db.json","path":"","hash":"7be0e9e8577ac2af26727391783dcffa","size":439,"out_path":"","tags":[3]},"cpc6128":{"name":"CPC 6128 ROM","type":"zip","args_keep":false,"url":"https://github.com/kounch/ZX3_Downloader/raw/7bfe29e4775818968cacd884dba1aa6c50031a71/","file":"cpc6128_db.json","path":"","hash":"bd66a567ef961f4c33e3971b743e7de0","size":458,"out_path":"","tags":[3]},"pcxt":{"name":"PC XT VHD","type":"zip","args_keep":false,"url":"https://github.com/kounch/ZX3_Downloader/raw/91b224b5f49aee589603c031a698fc30347fed2c/","file":"pcxt_db.json","path":"","hash":"ecee6dd575189c29e4689b89bcd1139e","size":373,"out_path":"","tags":[3]},"tandy":{"name":"Tandy ROM","type":"zip","args_keep":false,"url":"https://github.com/kounch/ZX3_Downloader/raw/1aadf48a79864455809a22b49e550abcf57cd1cd/","file":"tandy_db.json","path":"","hash":"a6e0cb6ae2b51a00f044e96db6fde008","size":371,"out_path":"","tags":[3]},"zxp3":{"name":"ZXP3 ROM","type":"zip","args_keep":false,"url":"https://github.com/kounch/ZX3_Downloader/raw/1aadf48a79864455809a22b49e550abcf57cd1cd/","file":"zxp3_db.json","path":"","hash":"5bb3b8a6639fad094bd99c29f25d040d","size":341,"out_path":"","tags":[3]},"specnext":{"name":"ZX Spectrum Next","type":"zip","args_keep":false,"url":"https://github.com/kounch/ZX3_Downloader/raw/91b224b5f49aee589603c031a698fc30347fed2c/","file":"specnext_db.json","path":"","hash":"2d166acc577fcf255f622a18e5417e5c","size":25547,"out_path":"","tags":[3]},"jotego":{"name":"Jotego Arcade","type":"arcade","dbs":{"arcade_rom_db":{"url":"https://github.com/kounch/ZX3_Downloader/raw/1aadf48a79864455809a22b49e550abcf57cd1cd/","file":"arcade_roms_db.json","hash":"fa98bcfa923f62131dc07267892af007","size":26442},"mra_db":{"url":"https://github.com/kounch/ZX3_Downloader/raw/1aadf48a79864455809a22b49e550abcf57cd1cd/","file":"jtbindb.json","hash":"7f35b7d6d9e76c7036adf89b5880f34e","size":39878},"cores_db":{"url":"https://github.com/kounch/ZX3_Downloader/raw/1aadf48a79864455809a22b49e550abcf57cd1cd/","file":"jtcores.json","hash":"59dc45708cb7c2e9bc291cb61208bf37","size":583}},"mra_url":"https://raw.githubusercontent.com/jotego/jtbin/71dae38d45b3646f35345848a87cc4a709b6b6af/mra/","tags":[1]},"arcade":{"name":"Other Arcade","type":"arcade","dbs":{"arcade_rom_db":{"url":"https://github.com/kounch/ZX3_Downloader/raw/1aadf48a79864455809a22b49e550abcf57cd1cd/","file":"arcade_roms_db.json","hash":"fa98bcfa923f62131dc07267892af007","size":26442},"mra_db":{"url":"https://github.com/kounch/ZX3_Downloader/raw/9f63d3b074fe6ebd31b908e456603147ca53caf0/","file":"arcade_bindb.json","hash":"f9a52805b051fa15933f4584fc829721","size":405},"cores_db":{"url":"https://github.com/kounch/ZX3_Downloader/raw/9f63d3b074fe6ebd31b908e456603147ca53caf0/","file":"arcade_cores.json","hash":"99138a5b44bf62e831f3686a1d7e235a","size":215}},"mra_url":"https://raw.githubusercontent.com/zxtres/cores/4b545b08aa3d4b47d716de971b65b8e6428965ff/Atari_Tetris/MRA/","tags":[1]}},"tag_dictionary":{"arcade":1,"console":2,"computer":3,"util":4}}