{
    "base_url": "http://www.esxdos.org/files/esxdos089.zip",
    "base_hash": "a3e8e6715d0c78c71e28489eaf9d7ced",
    "base_size": 127520,
    "files": {
        "BIN/128": {
            "file": "128",
            "path": [
                "BIN"
            ],
            "hash": "9632dc64cbe81eb10b2028a925621dae",
            "size": 512
        },
        "BIN/CAL": {
            "file": "CAL",
            "path": [
                "BIN"
            ],
            "hash": "5b858161928fc91e6563c25e67a7d5c5",
            "size": 603
        },
        "BIN/CD": {
            "file": "CD",
            "path": [
                "BIN"
            ],
            "hash": "50c40f96a11161cbad1b312d7517e8e3",
            "size": 512
        },
        "BIN/CHMOD": {
            "file": "CHMOD",
            "path": [
                "BIN"
            ],
            "hash": "fb04875adc42097837b7839432f5103c",
            "size": 512
        },
        "BIN/CP": {
            "file": "CP",
            "path": [
                "BIN"
            ],
            "hash": "1e5a00d1a8acb2f5d46f8ff1b1347e80",
            "size": 512
        },
        "BIN/DATE": {
            "file": "DATE",
            "path": [
                "BIN"
            ],
            "hash": "49281f0d780bcee65a8697d54ea12549",
            "size": 388
        },
        "BIN/DFWLOAD": {
            "file": "DFWLOAD",
            "path": [
                "BIN"
            ],
            "hash": "6c9fec59ad152fb55db55b3fc20f49c1",
            "size": 1024
        },
        "BIN/DIVIDEO": {
            "file": "DIVIDEO",
            "path": [
                "BIN"
            ],
            "hash": "1e3a152f884d9a310496870a3bc58766",
            "size": 917
        },
        "BIN/DRIVES": {
            "file": "DRIVES",
            "path": [
                "BIN"
            ],
            "hash": "9a8bc288f48b399974e5676a1dbd6bdc",
            "size": 1008
        },
        "BIN/DSKPROBE": {
            "file": "DSKPROBE",
            "path": [
                "BIN"
            ],
            "hash": "d5336db574873f68edbfdbec72c2f404",
            "size": 2837
        },
        "BIN/DUMPMEM": {
            "file": "DUMPMEM",
            "path": [
                "BIN"
            ],
            "hash": "e9d02ffab7560f07adfc0739a1e5baf0",
            "size": 512
        },
        "BIN/FILE": {
            "file": "FILE",
            "path": [
                "BIN"
            ],
            "hash": "3dc7b278ed9f52ff6df9122066149791",
            "size": 1024
        },
        "BIN/GRAMON": {
            "file": "GRAMON",
            "path": [
                "BIN"
            ],
            "hash": "930ec960019d5802b957d591ddcd7164",
            "size": 2560
        },
        "BIN/GSC": {
            "file": "GSC",
            "path": [
                "BIN"
            ],
            "hash": "2e4f5e414e0b620f2ce566e5a32afeb6",
            "size": 4896
        },
        "BIN/HEXDUMP": {
            "file": "HEXDUMP",
            "path": [
                "BIN"
            ],
            "hash": "cd4f68ae03402de1a1299fcc91edde83",
            "size": 512
        },
        "BIN/HEXVIEW": {
            "file": "HEXVIEW",
            "path": [
                "BIN"
            ],
            "hash": "489543ce2372ebe07e3f292379660f7c",
            "size": 2767
        },
        "BIN/LAUNCHER": {
            "file": "LAUNCHER",
            "path": [
                "BIN"
            ],
            "hash": "76a10020fffc4f672690f5496baaadfa",
            "size": 1160
        },
        "BIN/LS": {
            "file": "LS",
            "path": [
                "BIN"
            ],
            "hash": "8ceef180fe87f9a0de000721b7e01fc0",
            "size": 1189
        },
        "BIN/LSTAP": {
            "file": "LSTAP",
            "path": [
                "BIN"
            ],
            "hash": "90c937f5d8e847b286dfb5fbb9dd850d",
            "size": 1024
        },
        "BIN/MKDIR": {
            "file": "MKDIR",
            "path": [
                "BIN"
            ],
            "hash": "7c2505a761948bf221f5083924eff968",
            "size": 512
        },
        "BIN/MKTRD": {
            "file": "MKTRD",
            "path": [
                "BIN"
            ],
            "hash": "c9449b0a8cb9b3ad7f6f11123681bb50",
            "size": 512
        },
        "BIN/MORE": {
            "file": "MORE",
            "path": [
                "BIN"
            ],
            "hash": "f414a55ee44f00286a50a231bd29054a",
            "size": 417
        },
        "BIN/MV": {
            "file": "MV",
            "path": [
                "BIN"
            ],
            "hash": "48ebee514da2b7e803fafa72507a5fe6",
            "size": 512
        },
        "BIN/PARTINFO": {
            "file": "PARTINFO",
            "path": [
                "BIN"
            ],
            "hash": "a35fbbf8a4b54e5dfbb4604a0dcb5b36",
            "size": 512
        },
        "BIN/PLAYPT3": {
            "file": "PLAYPT3",
            "path": [
                "BIN"
            ],
            "hash": "bfabb96b23412808f561e7666b1811a5",
            "size": 3642
        },
        "BIN/PLAYSQT": {
            "file": "PLAYSQT",
            "path": [
                "BIN"
            ],
            "hash": "db65aad44667f1d3bd606abcf97e1ff6",
            "size": 1759
        },
        "BIN/PLAYSTC": {
            "file": "PLAYSTC",
            "path": [
                "BIN"
            ],
            "hash": "fadead590fd9b02f32e20c1fd35664b7",
            "size": 1475
        },
        "BIN/PLAYTFM": {
            "file": "PLAYTFM",
            "path": [
                "BIN"
            ],
            "hash": "c2fc51b9e118a57423bc9cf925908be8",
            "size": 2232
        },
        "BIN/PLAYWAV": {
            "file": "PLAYWAV",
            "path": [
                "BIN"
            ],
            "hash": "9d617d24638646cc43cccba9f2c8c445",
            "size": 1536
        },
        "BIN/RM": {
            "file": "RM",
            "path": [
                "BIN"
            ],
            "hash": "b6d06591057859e061ac0a382f6ab3e8",
            "size": 1289
        },
        "BIN/SCL2TRD": {
            "file": "SCL2TRD",
            "path": [
                "BIN"
            ],
            "hash": "601cd775f8646cdcaaeaf7d0e63b3e05",
            "size": 4075
        },
        "BIN/SERCP": {
            "file": "SERCP",
            "path": [
                "BIN"
            ],
            "hash": "94673dbd6a9d4275d99f7f9f15f0bff3",
            "size": 3072
        },
        "BIN/SNAPLOAD": {
            "file": "SNAPLOAD",
            "path": [
                "BIN"
            ],
            "hash": "e587f0ad0e05eb9c6aa0da38f53e2b24",
            "size": 6656
        },
        "BIN/SPEAKCZ": {
            "file": "SPEAKCZ",
            "path": [
                "BIN"
            ],
            "hash": "cd3b8cf7d0daa65051cb2877ef1a7031",
            "size": 1536
        },
        "BIN/STRINGS": {
            "file": "STRINGS",
            "path": [
                "BIN"
            ],
            "hash": "e4d1d1ff1608736d82a07d7ea9442418",
            "size": 1045
        },
        "BIN/TAPEIN": {
            "file": "TAPEIN",
            "path": [
                "BIN"
            ],
            "hash": "5db0a65f475f9d9eb91b0eda452bae8e",
            "size": 512
        },
        "BIN/TAPEOUT": {
            "file": "TAPEOUT",
            "path": [
                "BIN"
            ],
            "hash": "b30b9f2fd6fdc78eed514fb15dcb3bfd",
            "size": 512
        },
        "BIN/TAR": {
            "file": "TAR",
            "path": [
                "BIN"
            ],
            "hash": "dcab1baa4907675ee3a845986fd53685",
            "size": 2691
        },
        "BIN/TE": {
            "file": "TE",
            "path": [
                "BIN"
            ],
            "hash": "bc73a3c7299b9e57a74b49a698343f49",
            "size": 1024
        },
        "BIN/TSPLAY": {
            "file": "TSPLAY",
            "path": [
                "BIN"
            ],
            "hash": "bbefe2eefd9adac8c6051741ce1977ba",
            "size": 3584
        },
        "BIN/VDISK": {
            "file": "VDISK",
            "path": [
                "BIN"
            ],
            "hash": "3fb12c5773ae39c77a47c8d8bf9b077b",
            "size": 512
        },
        "DOCS/TEINFO.TXT": {
            "file": "TEINFO.TXT",
            "path": [
                "DOCS"
            ],
            "hash": "7eb9a614dc8869aa806a146fd7c1068d",
            "size": 1876
        },
        "DOCS/TRKPLAY.TXT": {
            "file": "TRKPLAY.TXT",
            "path": [
                "DOCS"
            ],
            "hash": "f5a952311712ff00c4a0dd650379803e",
            "size": 558
        },
        "ESX089.NFO": {
            "file": "ESX089.NFO",
            "hash": "8a17f0a54c0d1af43d38be5d14e1100c",
            "size": 2965
        },
        "ESXMMC.BIN": {
            "file": "ESXMMC.BIN",
            "path": [
                "machines", "next"
            ],
            "hash": "fa50b0258e52b8d72bd83cc2fb6e1013",
            "size": 8192
        },
        "README.TXT": {
            "file": "README.TXT",
            "hash": "740928f5527378845ef25b49c0bb1e18",
            "size": 4320
        },
        "SYS/BDIR.KO": {
            "file": "BDIR.KO",
            "path": [
                "SYS"
            ],
            "hash": "d1a602cbc49f2200c0de7e9f855894eb",
            "size": 1024
        },
        "SYS/BETADISK.SYS": {
            "file": "BETADISK.SYS",
            "path": [
                "SYS"
            ],
            "hash": "64a7ea5a4690c76bedcaed67874a0505",
            "size": 2233
        },
        "SYS/BFILE.KO": {
            "file": "BFILE.KO",
            "path": [
                "SYS"
            ],
            "hash": "1f6c192703e8ef104f4efe5831eb042d",
            "size": 1024
        },
        "SYS/CONFIG/ESXDOS.CFG": {
            "file": "ESXDOS.CFG",
            "path": [
                "SYS",
                "CONFIG"
            ],
            "hash": "0eea6ed61b759a6c7a8285d2859c0bdf",
            "size": 247
        },
        "SYS/CONFIG/TRDOS.CFG": {
            "file": "TRDOS.CFG",
            "path": [
                "SYS",
                "CONFIG"
            ],
            "hash": "3e4870421391bdf18759eab6ae77aa3b",
            "size": 875
        },
        "SYS/ERRMSG.KO": {
            "file": "ERRMSG.KO",
            "path": [
                "SYS"
            ],
            "hash": "62a5a9dd6ac8d1e048baa70073b7fecd",
            "size": 512
        },
        "SYS/ESXDOS.SYS": {
            "file": "ESXDOS.SYS",
            "path": [
                "SYS"
            ],
            "hash": "484135f5803e399e09ef01b290f2f39e",
            "size": 4090
        },
        "SYS/NMI.SYS": {
            "file": "NMI.ORG",
            "path": [
                "SYS"
            ],
            "hash": "7744e8f88ad5a0a38ae16132cdcbca1c",
            "size": 3539
        },
        "SYS/NMI_HELP.SCR": {
            "file": "NMI_HELP.SCR",
            "path": [
                "SYS"
            ],
            "hash": "7c1fbd5d11172b79a8042334479a34c4",
            "size": 6912
        },
        "SYS/TAPE.KO": {
            "file": "TAPE.KO",
            "path": [
                "SYS"
            ],
            "hash": "0dc2206e6ceaffa0810e7f99e2ac7c9a",
            "size": 1024
        },
        "SYS/TRDBOOT.BIN": {
            "file": "TRDBOOT.BIN",
            "path": [
                "SYS"
            ],
            "hash": "313590e963124f498a5b3763aea66c7d",
            "size": 15360
        },
        "SYS/TRDOS54T.KO": {
            "file": "TRDOS54T.KO",
            "path": [
                "SYS"
            ],
            "hash": "2e0ef5b18368c4d432ec983cb34c6616",
            "size": 16412
        },
        "SYS/VDISK.KO": {
            "file": "VDISK.KO",
            "path": [
                "SYS"
            ],
            "hash": "7f8f7ed83b6c7ad1eee4aadc27c68f22",
            "size": 512
        }
    }
}